,Station,Temperature,Dew Point,Wind Speed,Cloud Cover,Date,Hour
22464,KDFW,30.2,15.8,8.057,20,1/19/1977,00:00:00.000Z
22465,KBPT,33.8,12.2,13.812,0,1/19/1977,00:00:00.000Z
22466,KSAT,39.2,6.8,8.057,20,1/19/1977,00:00:00.000Z
22467,KDAL,33.8,6.8,10.359,0,1/19/1977,00:00:00.000Z
22468,KIAH,33.8,10.4,8.057,0,1/19/1977,00:00:00.000Z
22469,KTPL,,,,,1/19/1977,00:00:00.000Z
22470,KNBE,32,10.4,8.057,20,1/19/1977,00:00:00.000Z
22471,KCRP,42.8,17.6,10.359,20,1/19/1977,00:00:00.000Z
22472,KJCT,35.6,8.6,5.755,,1/19/1977,00:00:00.000Z
22473,KUTS,,,,,1/19/1977,00:00:00.000Z
22474,KGRK,33.8,8.6,8.057,45,1/19/1977,00:00:00.000Z
22475,KCLL,,,,,1/19/1977,00:00:00.000Z
22476,KSPS,32,12.2,3.453,45,1/19/1977,00:00:00.000Z
22477,KSKF,39.2,8.6,9.208,45,1/19/1977,00:00:00.000Z
22478,KFTW,,,,,1/19/1977,00:00:00.000Z
22479,KACT,32,12.2,11.51,0,1/19/1977,00:00:00.000Z
22480,KABI,30.2,5,8.057,0,1/19/1977,00:00:00.000Z
22481,KBSM,37.4,10.4,11.51,45,1/19/1977,00:00:00.000Z
22482,KPRX,,,,,1/19/1977,00:00:00.000Z
22483,KMFE,,,,,1/19/1977,00:00:00.000Z
22484,KEDC,6.8,-14.8,2.302,75,1/19/1977,00:00:00.000Z
22485,KHOU,35.6,6.8,16.114,0,1/19/1977,00:00:00.000Z
22486,KALI,,,,,1/19/1977,00:00:00.000Z
22487,KNQI,41,15.8,8.057,20,1/19/1977,00:00:00.000Z
22488,KMWL,,,,,1/19/1977,00:00:00.000Z
22489,KLBB,48.2,15.8,5.755,20,1/19/1977,00:00:00.000Z
22490,KDHT,,,,,1/19/1977,00:00:00.000Z
22491,KBWD,,,,,1/19/1977,00:00:00.000Z
22492,KINK,,,,,1/19/1977,00:00:00.000Z
22493,KNFW,35.6,10.4,10.359,45,1/19/1977,00:00:00.000Z
22494,KCOT,,,,,1/19/1977,00:00:00.000Z
22495,KMAF,44.6,14,9.208,0,1/19/1977,00:00:00.000Z
22496,KDRT,46.4,6.8,6.906,100,1/19/1977,00:00:00.000Z
22497,KRND,39.2,10.4,2.302,45,1/19/1977,00:00:00.000Z
22498,KDYS,33.8,3.2,0,45,1/19/1977,00:00:00.000Z
22499,KEFD,35.6,10.4,12.661,45,1/19/1977,00:00:00.000Z
22500,KHRL,,,,,1/19/1977,00:00:00.000Z
22501,KDLF,44.6,6.8,5.755,100,1/19/1977,00:00:00.000Z
22502,KSJT,39.2,10.4,0,45,1/19/1977,00:00:00.000Z
22503,KPSX,,,,,1/19/1977,00:00:00.000Z
22504,KHLR,33.8,6.8,6.906,45,1/19/1977,00:00:00.000Z
22505,KTYR,,,,,1/19/1977,00:00:00.000Z
22506,KLRD,,,,,1/19/1977,00:00:00.000Z
22507,KMRF,42.8,15.8,0,,1/19/1977,00:00:00.000Z
22508,KGLS,35.6,15.8,16.114,,1/19/1977,00:00:00.000Z
22509,KLFK,33.8,14,8.057,0,1/19/1977,00:00:00.000Z
22510,KBRO,46.4,28.4,11.51,20,1/19/1977,00:00:00.000Z
22511,KVCT,37.4,12.2,12.661,0,1/19/1977,00:00:00.000Z
22512,KNGP,42.8,14,13.812,20,1/19/1977,00:00:00.000Z
22513,KELP,53.6,21.2,0,100,1/19/1977,00:00:00.000Z
22514,KGDP,39.2,17.6,25.322,,1/19/1977,00:00:00.000Z
22515,KCDS,35.6,8.6,4.604,75,1/19/1977,00:00:00.000Z
22516,KCDS,32,1.4,6.906,75,1/19/1977,01:00:00.000Z
22517,KPRX,,,,,1/19/1977,01:00:00.000Z
22518,KBPT,35.6,12.2,13.812,0,1/19/1977,01:00:00.000Z
22519,KDRT,42.8,6.8,4.604,100,1/19/1977,01:00:00.000Z
22520,KFTW,26.6,14,6.906,45,1/19/1977,01:00:00.000Z
22521,KEFD,33.8,12.2,6.906,0,1/19/1977,01:00:00.000Z
22522,KTYR,28.4,12.2,9.208,0,1/19/1977,01:00:00.000Z
22523,KNFW,33.8,10.4,4.604,0,1/19/1977,01:00:00.000Z
22524,KSPS,28.4,12.2,3.453,45,1/19/1977,01:00:00.000Z
22525,KELP,44.6,21.2,0,75,1/19/1977,01:00:00.000Z
22526,KDHT,35.6,26.6,9.208,75,1/19/1977,01:00:00.000Z
22527,KEDC,,,,,1/19/1977,01:00:00.000Z
22528,KDLF,37.4,10.4,3.453,75,1/19/1977,01:00:00.000Z
22529,KHLR,30.2,6.8,4.604,45,1/19/1977,01:00:00.000Z
22530,KPSX,33.8,17.6,13.812,45,1/19/1977,01:00:00.000Z
22531,KSJT,35.6,10.4,4.604,0,1/19/1977,01:00:00.000Z
22532,KALI,39.2,24.8,5.755,45,1/19/1977,01:00:00.000Z
22533,KMFE,48.2,26.6,9.208,45,1/19/1977,01:00:00.000Z
22534,KLRD,48.2,24.8,0,0,1/19/1977,01:00:00.000Z
22535,KHRL,,,,,1/19/1977,01:00:00.000Z
22536,KRND,35.6,10.4,3.453,45,1/19/1977,01:00:00.000Z
22537,KABI,30.2,5,0,0,1/19/1977,01:00:00.000Z
22538,KINK,37.4,8.6,5.755,45,1/19/1977,01:00:00.000Z
22539,KGRK,30.2,8.6,5.755,45,1/19/1977,01:00:00.000Z
22540,KMWL,28.4,15.8,8.057,0,1/19/1977,01:00:00.000Z
22541,KBWD,,,,,1/19/1977,01:00:00.000Z
22542,KIAH,30.2,12.2,5.755,0,1/19/1977,01:00:00.000Z
22543,KTPL,28.4,19.4,8.057,0,1/19/1977,01:00:00.000Z
22544,KJCT,33.8,8.6,5.755,,1/19/1977,01:00:00.000Z
22545,KCOT,42.8,21.2,5.755,45,1/19/1977,01:00:00.000Z
22546,KDAL,30.2,10.4,6.906,0,1/19/1977,01:00:00.000Z
22547,KHOU,33.8,6.8,14.963,0,1/19/1977,01:00:00.000Z
22548,KACT,26.6,12.2,6.906,0,1/19/1977,01:00:00.000Z
22549,KBSM,35.6,10.4,8.057,45,1/19/1977,01:00:00.000Z
22550,KSAT,35.6,8.6,5.755,0,1/19/1977,01:00:00.000Z
22551,KLFK,32,14,5.755,0,1/19/1977,01:00:00.000Z
22552,KCRP,39.2,21.2,9.208,45,1/19/1977,01:00:00.000Z
22553,KVCT,30.2,17.6,5.755,0,1/19/1977,01:00:00.000Z
22554,KDFW,30.2,14,11.51,45,1/19/1977,01:00:00.000Z
22555,KGDP,39.2,17.6,20.718,,1/19/1977,01:00:00.000Z
22556,KBRO,44.6,28.4,11.51,0,1/19/1977,01:00:00.000Z
22557,KLBB,37.4,14,8.057,0,1/19/1977,01:00:00.000Z
22558,KSKF,33.8,10.4,4.604,45,1/19/1977,01:00:00.000Z
22559,KDYS,32,5,0,45,1/19/1977,01:00:00.000Z
22560,KMAF,39.2,15.8,5.755,0,1/19/1977,01:00:00.000Z
22561,KNQI,37.4,19.4,4.604,0,1/19/1977,01:00:00.000Z
22562,KNGP,41,15.8,11.51,45,1/19/1977,01:00:00.000Z
22563,KCLL,28.4,14,6.906,0,1/19/1977,01:00:00.000Z
22564,KNBE,30.2,10.4,6.906,45,1/19/1977,01:00:00.000Z
22565,KMRF,35.6,15.8,3.453,,1/19/1977,01:00:00.000Z
22566,KGLS,33.8,15.8,13.812,,1/19/1977,01:00:00.000Z
22567,KUTS,30.2,15.8,9.208,0,1/19/1977,01:00:00.000Z
22568,KPSX,30.2,19.4,5.755,0,1/19/1977,02:00:00.000Z
22569,KBPT,30.2,14,8.057,0,1/19/1977,02:00:00.000Z
22570,KTYR,26.6,14,9.208,0,1/19/1977,02:00:00.000Z
22571,KSJT,33.8,12.2,6.906,0,1/19/1977,02:00:00.000Z
22572,KBRO,42.8,28.4,11.51,0,1/19/1977,02:00:00.000Z
22573,KELP,39.2,21.2,0,20,1/19/1977,02:00:00.000Z
22574,KDLF,37.4,8.6,2.302,45,1/19/1977,02:00:00.000Z
22575,KHLR,30.2,8.6,6.906,0,1/19/1977,02:00:00.000Z
22576,KDAL,26.6,12.2,5.755,0,1/19/1977,02:00:00.000Z
22577,KMAF,35.6,15.8,3.453,0,1/19/1977,02:00:00.000Z
22578,KCOT,39.2,30.2,6.906,0,1/19/1977,02:00:00.000Z
22579,KNBE,13.812,300,45,,1/19/1977,02:00:00.000Z
22580,KUTS,28.4,15.8,8.057,0,1/19/1977,02:00:00.000Z
22581,KABI,24.8,8.6,6.906,0,1/19/1977,02:00:00.000Z
22582,KRND,33.8,10.4,3.453,0,1/19/1977,02:00:00.000Z
22583,KIAH,28.4,15.8,3.453,0,1/19/1977,02:00:00.000Z
22584,KTPL,28.4,19.4,0,0,1/19/1977,02:00:00.000Z
22585,KLFK,30.2,15.8,6.906,0,1/19/1977,02:00:00.000Z
22586,KNQI,33.8,19.4,3.453,0,1/19/1977,02:00:00.000Z
22587,KEDC,,,,,1/19/1977,02:00:00.000Z
22588,KLBB,37.4,12.2,8.057,0,1/19/1977,02:00:00.000Z
22589,KPRX,,,,,1/19/1977,02:00:00.000Z
22590,KJCT,30.2,12.2,1.151,,1/19/1977,02:00:00.000Z
22591,KGLS,33.8,17.6,14.963,,1/19/1977,02:00:00.000Z
22592,KMRF,33.8,15.8,0,,1/19/1977,02:00:00.000Z
22593,KCDS,28.4,-0.4,6.906,75,1/19/1977,02:00:00.000Z
22594,KCRP,37.4,21.2,9.208,0,1/19/1977,02:00:00.000Z
22595,KVCT,28.4,19.4,5.755,0,1/19/1977,02:00:00.000Z
22596,KMWL,28.4,12.2,0,0,1/19/1977,02:00:00.000Z
22597,KACT,24.8,14,6.906,0,1/19/1977,02:00:00.000Z
22598,KBSM,30.2,12.2,4.604,0,1/19/1977,02:00:00.000Z
22599,KCLL,26.6,15.8,6.906,0,1/19/1977,02:00:00.000Z
22600,KSKF,35.6,8.6,5.755,0,1/19/1977,02:00:00.000Z
22601,KDYS,28.4,8.6,3.453,0,1/19/1977,02:00:00.000Z
22602,KNGP,39.2,15.8,13.812,45,1/19/1977,02:00:00.000Z
22603,KSPS,26.6,14,3.453,0,1/19/1977,02:00:00.000Z
22604,KSAT,30.2,12.2,5.755,0,1/19/1977,02:00:00.000Z
22605,KBWD,,,,,1/19/1977,02:00:00.000Z
22606,KGRK,26.6,10.4,4.604,45,1/19/1977,02:00:00.000Z
22607,KDHT,32,26.6,8.057,75,1/19/1977,02:00:00.000Z
22608,KMFE,44.6,24.8,43.738,45,1/19/1977,02:00:00.000Z
22609,KLRD,,,,,1/19/1977,02:00:00.000Z
22610,KHRL,,,,,1/19/1977,02:00:00.000Z
22611,KALI,37.4,24.8,5.755,0,1/19/1977,02:00:00.000Z
22612,KGDP,37.4,19.4,18.416,,1/19/1977,02:00:00.000Z
22613,KINK,33.8,12.2,5.755,45,1/19/1977,02:00:00.000Z
22614,KDRT,41,8.6,8.057,100,1/19/1977,02:00:00.000Z
22615,KDFW,30.2,15.8,5.755,45,1/19/1977,02:00:00.000Z
22616,KNFW,30.2,10.4,4.604,0,1/19/1977,02:00:00.000Z
22617,KEFD,33.8,12.2,10.359,0,1/19/1977,02:00:00.000Z
22618,KFTW,26.6,12.2,8.057,0,1/19/1977,02:00:00.000Z
22619,KHOU,33.8,6.8,11.51,0,1/19/1977,02:00:00.000Z
22620,KACT,21.2,14,5.755,0,1/19/1977,03:00:00.000Z
22621,KIAH,28.4,14,5.755,0,1/19/1977,03:00:00.000Z
22622,KABI,24.8,10.4,8.057,0,1/19/1977,03:00:00.000Z
22623,KGRK,30.2,10.4,5.755,45,1/19/1977,03:00:00.000Z
22624,KPSX,,,,,1/19/1977,03:00:00.000Z
22625,KHRL,,,,,1/19/1977,03:00:00.000Z
22626,KBWD,,,,,1/19/1977,03:00:00.000Z
22627,KEDC,,,,,1/19/1977,03:00:00.000Z
22628,KSPS,26.6,12.2,5.755,0,1/19/1977,03:00:00.000Z
22629,KHOU,30.2,6.8,9.208,0,1/19/1977,03:00:00.000Z
22630,KMAF,30.2,19.4,6.906,0,1/19/1977,03:00:00.000Z
22631,KDYS,24.8,10.4,4.604,0,1/19/1977,03:00:00.000Z
22632,KCLL,,,,,1/19/1977,03:00:00.000Z
22633,KNBE,28.4,10.4,3.453,20,1/19/1977,03:00:00.000Z
22634,KGLS,32,15.8,11.51,,1/19/1977,03:00:00.000Z
22635,KSJT,30.2,12.2,5.755,0,1/19/1977,03:00:00.000Z
22636,KSKF,33.8,10.4,4.604,0,1/19/1977,03:00:00.000Z
22637,KDLF,33.8,15.8,4.604,45,1/19/1977,03:00:00.000Z
22638,KBSM,30.2,12.2,5.755,0,1/19/1977,03:00:00.000Z
22639,KELP,39.2,21.2,4.604,20,1/19/1977,03:00:00.000Z
22640,KCOT,,,,,1/19/1977,03:00:00.000Z
22641,KCDS,,,,,1/19/1977,03:00:00.000Z
22642,KDRT,39.2,6.8,9.208,100,1/19/1977,03:00:00.000Z
22643,KBPT,28.4,15.8,10.359,0,1/19/1977,03:00:00.000Z
22644,KDAL,28.4,12.2,4.604,0,1/19/1977,03:00:00.000Z
22645,KJCT,26.6,12.2,0,,1/19/1977,03:00:00.000Z
22646,KVCT,28.4,19.4,4.604,0,1/19/1977,03:00:00.000Z
22647,KDFW,28.4,14,5.755,0,1/19/1977,03:00:00.000Z
22648,KGDP,37.4,19.4,17.265,,1/19/1977,03:00:00.000Z
22649,KLBB,32,10.4,6.906,0,1/19/1977,03:00:00.000Z
22650,KDHT,,,,,1/19/1977,03:00:00.000Z
22651,KMWL,,,,,1/19/1977,03:00:00.000Z
22652,KBRO,41,28.4,5.755,0,1/19/1977,03:00:00.000Z
22653,KMRF,21.2,12.2,0,,1/19/1977,03:00:00.000Z
22654,KUTS,,,,,1/19/1977,03:00:00.000Z
22655,KPRX,,,,,1/19/1977,03:00:00.000Z
22656,KLFK,30.2,15.8,9.208,0,1/19/1977,03:00:00.000Z
22657,KNQI,33.8,19.4,4.604,0,1/19/1977,03:00:00.000Z
22658,KEFD,30.2,14,4.604,0,1/19/1977,03:00:00.000Z
22659,KRND,30.2,10.4,0,0,1/19/1977,03:00:00.000Z
22660,KLRD,,,,,1/19/1977,03:00:00.000Z
22661,KSAT,30.2,12.2,4.604,0,1/19/1977,03:00:00.000Z
22662,KTYR,,,,,1/19/1977,03:00:00.000Z
22663,KCRP,37.4,21.2,11.51,0,1/19/1977,03:00:00.000Z
22664,KNFW,28.4,10.4,0,0,1/19/1977,03:00:00.000Z
22665,KTPL,,,,,1/19/1977,03:00:00.000Z
22666,KINK,,,,,1/19/1977,03:00:00.000Z
22667,KALI,,,,,1/19/1977,03:00:00.000Z
22668,KFTW,,,,,1/19/1977,03:00:00.000Z
22669,KMFE,,,,,1/19/1977,03:00:00.000Z
22670,KHLR,28.4,6.8,2.302,0,1/19/1977,03:00:00.000Z
22671,KNGP,39.2,15.8,20.718,20,1/19/1977,03:00:00.000Z
22672,KHOU,30.2,6.8,9.208,0,1/19/1977,04:00:00.000Z
22673,KNQI,32,19.4,3.453,0,1/19/1977,04:00:00.000Z
22674,KHLR,26.6,6.8,0,0,1/19/1977,04:00:00.000Z
22675,KINK,32,23,5.755,0,1/19/1977,04:00:00.000Z
22676,KDRT,37.4,6.8,8.057,75,1/19/1977,04:00:00.000Z
22677,KBRO,37.4,28.4,5.755,0,1/19/1977,04:00:00.000Z
22678,KBWD,,,,,1/19/1977,04:00:00.000Z
22679,KPSX,28.4,19.4,8.057,0,1/19/1977,04:00:00.000Z
22680,KHRL,,,,,1/19/1977,04:00:00.000Z
22681,KSKF,30.2,10.4,4.604,0,1/19/1977,04:00:00.000Z
22682,KMAF,30.2,19.4,6.906,0,1/19/1977,04:00:00.000Z
22683,KELP,35.6,21.2,3.453,0,1/19/1977,04:00:00.000Z
22684,KDLF,33.8,14,4.604,45,1/19/1977,04:00:00.000Z
22685,KBSM,28.4,14,3.453,0,1/19/1977,04:00:00.000Z
22686,KDHT,28.4,21.2,6.906,75,1/19/1977,04:00:00.000Z
22687,KSAT,26.6,15.8,5.755,0,1/19/1977,04:00:00.000Z
22688,KVCT,26.6,19.4,3.453,0,1/19/1977,04:00:00.000Z
22689,KIAH,28.4,14,5.755,0,1/19/1977,04:00:00.000Z
22690,KGDP,33.8,19.4,19.567,,1/19/1977,04:00:00.000Z
22691,KLFK,28.4,15.8,8.057,0,1/19/1977,04:00:00.000Z
22692,KFTW,24.8,12.2,4.604,0,1/19/1977,04:00:00.000Z
22693,KMFE,39.2,21.2,5.755,0,1/19/1977,04:00:00.000Z
22694,KTYR,24.8,15.8,8.057,0,1/19/1977,04:00:00.000Z
22695,KNGP,39.2,17.6,20.718,45,1/19/1977,04:00:00.000Z
22696,KBPT,28.4,15.8,9.208,0,1/19/1977,04:00:00.000Z
22697,KALI,35.6,23,6.906,0,1/19/1977,04:00:00.000Z
22698,KSPS,24.8,12.2,4.604,0,1/19/1977,04:00:00.000Z
22699,KDAL,26.6,12.2,4.604,0,1/19/1977,04:00:00.000Z
22700,KJCT,26.6,12.2,1.151,,1/19/1977,04:00:00.000Z
22701,KACT,21.2,14,6.906,0,1/19/1977,04:00:00.000Z
22702,KNFW,30.2,10.4,3.453,0,1/19/1977,04:00:00.000Z
22703,KCRP,35.6,19.4,11.51,0,1/19/1977,04:00:00.000Z
22704,KRND,24.8,14,3.453,0,1/19/1977,04:00:00.000Z
22705,KLRD,,,,,1/19/1977,04:00:00.000Z
22706,KEFD,30.2,15.8,8.057,0,1/19/1977,04:00:00.000Z
22707,KNBE,24.8,12.2,2.302,0,1/19/1977,04:00:00.000Z
22708,KMRF,21.2,12.2,0,,1/19/1977,04:00:00.000Z
22709,KPRX,,,,,1/19/1977,04:00:00.000Z
22710,KABI,24.8,10.4,8.057,0,1/19/1977,04:00:00.000Z
22711,KCLL,26.6,15.8,4.604,0,1/19/1977,04:00:00.000Z
22712,KDYS,24.8,12.2,3.453,0,1/19/1977,04:00:00.000Z
22713,KMWL,24.8,12.2,0,0,1/19/1977,04:00:00.000Z
22714,KUTS,26.6,15.8,9.208,0,1/19/1977,04:00:00.000Z
22715,KSJT,28.4,12.2,5.755,0,1/19/1977,04:00:00.000Z
22716,KDFW,28.4,14,4.604,0,1/19/1977,04:00:00.000Z
22717,KLBB,33.8,10.4,6.906,0,1/19/1977,04:00:00.000Z
22718,KCDS,24.8,1.4,9.208,45,1/19/1977,04:00:00.000Z
22719,KGLS,30.2,17.6,13.812,,1/19/1977,04:00:00.000Z
22720,KCOT,37.4,19.4,6.906,0,1/19/1977,04:00:00.000Z
22721,KTPL,26.6,21.2,0,0,1/19/1977,04:00:00.000Z
22722,KGRK,26.6,10.4,5.755,45,1/19/1977,04:00:00.000Z
22723,KEDC,,,,,1/19/1977,04:00:00.000Z
22724,KHLR,,,,,1/19/1977,05:00:00.000Z
22725,KDYS,24.8,12.2,6.906,0,1/19/1977,05:00:00.000Z
22726,KDRT,,,,,1/19/1977,05:00:00.000Z
22727,KEDC,,,,,1/19/1977,05:00:00.000Z
22728,KBPT,,,,,1/19/1977,05:00:00.000Z
22729,KCLL,,,,,1/19/1977,05:00:00.000Z
22730,KMAF,30.2,19.4,6.906,0,1/19/1977,05:00:00.000Z
22731,KUTS,,,,,1/19/1977,05:00:00.000Z
22732,KTPL,,,,,1/19/1977,05:00:00.000Z
22733,KLRD,,,,,1/19/1977,05:00:00.000Z
22734,KPRX,,,,,1/19/1977,05:00:00.000Z
22735,KRND,23,14,0,0,1/19/1977,05:00:00.000Z
22736,KABI,,,,,1/19/1977,05:00:00.000Z
22737,KCOT,,,,,1/19/1977,05:00:00.000Z
22738,KALI,,,,,1/19/1977,05:00:00.000Z
22739,KIAH,26.6,15.8,4.604,0,1/19/1977,05:00:00.000Z
22740,KSJT,28.4,17.6,0,0,1/19/1977,05:00:00.000Z
22741,KSPS,23,12.2,6.906,0,1/19/1977,05:00:00.000Z
22742,KNBE,24.8,15.8,0,0,1/19/1977,05:00:00.000Z
22743,KNQI,30.2,19.4,3.453,0,1/19/1977,05:00:00.000Z
22744,KMFE,39.2,23,4.604,0,1/19/1977,05:00:00.000Z
22745,KGRK,24.8,10.4,2.302,0,1/19/1977,05:00:00.000Z
22746,KLFK,,,,,1/19/1977,05:00:00.000Z
22747,KFTW,,,,,1/19/1977,05:00:00.000Z
22748,KJCT,24.8,15.8,2.302,,1/19/1977,05:00:00.000Z
22749,KHRL,,,,,1/19/1977,05:00:00.000Z
22750,KGDP,33.8,17.6,20.718,,1/19/1977,05:00:00.000Z
22751,KBSM,24.8,14,2.302,0,1/19/1977,05:00:00.000Z
22752,KDLF,33.8,12.2,4.604,0,1/19/1977,05:00:00.000Z
22753,KPSX,26.6,21.2,5.755,0,1/19/1977,05:00:00.000Z
22754,KDHT,,,,,1/19/1977,05:00:00.000Z
22755,KVCT,,,,,1/19/1977,05:00:00.000Z
22756,KELP,35.6,19.4,3.453,0,1/19/1977,05:00:00.000Z
22757,KBRO,39.2,28.4,6.906,0,1/19/1977,05:00:00.000Z
22758,KNGP,37.4,17.6,16.114,45,1/19/1977,05:00:00.000Z
22759,KSKF,30.2,14,0,0,1/19/1977,05:00:00.000Z
22760,KTYR,,,,,1/19/1977,05:00:00.000Z
22761,KDAL,24.8,12.2,4.604,0,1/19/1977,05:00:00.000Z
22762,KBWD,,,,,1/19/1977,05:00:00.000Z
22763,KMWL,,,,,1/19/1977,05:00:00.000Z
22764,KACT,21.2,14,8.057,0,1/19/1977,05:00:00.000Z
22765,KDFW,,,,,1/19/1977,05:00:00.000Z
22766,KEFD,30.2,14,5.755,0,1/19/1977,05:00:00.000Z
22767,KLBB,35.6,12.2,11.51,0,1/19/1977,05:00:00.000Z
22768,KHOU,28.4,6.8,9.208,0,1/19/1977,05:00:00.000Z
22769,KNFW,28.4,10.4,0,0,1/19/1977,05:00:00.000Z
22770,KGLS,30.2,17.6,11.51,,1/19/1977,05:00:00.000Z
22771,KINK,,,,,1/19/1977,05:00:00.000Z
22772,KCDS,,,,,1/19/1977,05:00:00.000Z
22773,KMRF,21.2,14,0,,1/19/1977,05:00:00.000Z
22774,KSAT,26.6,15.8,5.755,0,1/19/1977,05:00:00.000Z
22775,KCRP,,,,,1/19/1977,05:00:00.000Z
22776,KDLF,30.2,12.2,2.302,0,1/19/1977,06:00:00.000Z
22777,KGDP,33.8,17.6,19.567,,1/19/1977,06:00:00.000Z
22778,KPSX,26.6,21.2,5.755,0,1/19/1977,06:00:00.000Z
22779,KBSM,23,15.8,0,0,1/19/1977,06:00:00.000Z
22780,KTYR,23,14,5.755,0,1/19/1977,06:00:00.000Z
22781,KJCT,24.8,15.8,3.453,,1/19/1977,06:00:00.000Z
22782,KHRL,,,,,1/19/1977,06:00:00.000Z
22783,KELP,35.6,19.4,6.906,0,1/19/1977,06:00:00.000Z
22784,KCDS,24.8,6.8,8.057,0,1/19/1977,06:00:00.000Z
22785,KINK,28.4,14,5.755,0,1/19/1977,06:00:00.000Z
22786,KDRT,35.6,12.2,0,20,1/19/1977,06:00:00.000Z
22787,KCRP,35.6,21.2,14.963,0,1/19/1977,06:00:00.000Z
22788,KEDC,,,,,1/19/1977,06:00:00.000Z
22789,KBPT,26.6,15.8,11.51,0,1/19/1977,06:00:00.000Z
22790,KHOU,30.2,6.8,10.359,0,1/19/1977,06:00:00.000Z
22791,KVCT,26.6,21.2,3.453,0,1/19/1977,06:00:00.000Z
22792,KMWL,,,,,1/19/1977,06:00:00.000Z
22793,KDHT,26.6,21.2,8.057,45,1/19/1977,06:00:00.000Z
22794,KLFK,24.8,15.8,5.755,0,1/19/1977,06:00:00.000Z
22795,KALI,33.8,24.8,0,0,1/19/1977,06:00:00.000Z
22796,KLBB,33.8,12.2,9.208,0,1/19/1977,06:00:00.000Z
22797,KNFW,26.6,12.2,0,0,1/19/1977,06:00:00.000Z
22798,KIAH,24.8,17.6,4.604,0,1/19/1977,06:00:00.000Z
22799,KNBE,21.2,14,2.302,0,1/19/1977,06:00:00.000Z
22800,KMFE,37.4,19.4,6.906,0,1/19/1977,06:00:00.000Z
22801,KNQI,28.4,17.6,2.302,0,1/19/1977,06:00:00.000Z
22802,KFTW,23,15.8,3.453,0,1/19/1977,06:00:00.000Z
22803,KGRK,24.8,12.2,3.453,0,1/19/1977,06:00:00.000Z
22804,KDFW,26.6,14,4.604,0,1/19/1977,06:00:00.000Z
22805,KNGP,37.4,15.8,16.114,20,1/19/1977,06:00:00.000Z
22806,KBRO,37.4,28.4,5.755,0,1/19/1977,06:00:00.000Z
22807,KSKF,28.4,15.8,0,0,1/19/1977,06:00:00.000Z
22808,KDAL,24.8,12.2,4.604,0,1/19/1977,06:00:00.000Z
22809,KBWD,,,,,1/19/1977,06:00:00.000Z
22810,KSPS,21.2,14,6.906,0,1/19/1977,06:00:00.000Z
22811,KSJT,24.8,17.6,6.906,0,1/19/1977,06:00:00.000Z
22812,KMRF,,,,,1/19/1977,06:00:00.000Z
22813,KUTS,24.8,17.6,6.906,0,1/19/1977,06:00:00.000Z
22814,KGLS,32,17.6,16.114,0,1/19/1977,06:00:00.000Z
22815,KEFD,28.4,15.8,5.755,0,1/19/1977,06:00:00.000Z
22816,KTPL,,,,,1/19/1977,06:00:00.000Z
22817,KCLL,21.2,17.6,0,0,1/19/1977,06:00:00.000Z
22818,KPRX,,,,,1/19/1977,06:00:00.000Z
22819,KABI,24.8,10.4,9.208,0,1/19/1977,06:00:00.000Z
22820,KACT,21.2,14,6.906,0,1/19/1977,06:00:00.000Z
22821,KCOT,32,30.2,0,0,1/19/1977,06:00:00.000Z
22822,KRND,28.4,17.6,0,0,1/19/1977,06:00:00.000Z
22823,KSAT,28.4,12.2,0,0,1/19/1977,06:00:00.000Z
22824,KMAF,30.2,17.6,0,0,1/19/1977,06:00:00.000Z
22825,KLRD,,,,,1/19/1977,06:00:00.000Z
22826,KDYS,26.6,10.4,4.604,0,1/19/1977,06:00:00.000Z
22827,KHLR,,,,,1/19/1977,06:00:00.000Z
22828,KMFE,37.4,19.4,5.755,0,1/19/1977,07:00:00.000Z
22829,KSPS,21.2,15.8,5.755,0,1/19/1977,07:00:00.000Z
22830,KSJT,26.6,15.8,5.755,0,1/19/1977,07:00:00.000Z
22831,KNBE,21.2,12.2,0,0,1/19/1977,07:00:00.000Z
22832,KNGP,37.4,15.8,13.812,45,1/19/1977,07:00:00.000Z
22833,KPRX,,,,,1/19/1977,07:00:00.000Z
22834,KBRO,37.4,30.2,6.906,0,1/19/1977,07:00:00.000Z
22835,KNQI,30.2,17.6,0,0,1/19/1977,07:00:00.000Z
22836,KDFW,23,17.6,0,0,1/19/1977,07:00:00.000Z
22837,KFTW,24.8,14,0,0,1/19/1977,07:00:00.000Z
22838,KALI,30.2,21.2,0,0,1/19/1977,07:00:00.000Z
22839,KLFK,24.8,15.8,0,0,1/19/1977,07:00:00.000Z
22840,KABI,24.8,10.4,11.51,0,1/19/1977,07:00:00.000Z
22841,KGRK,21.2,10.4,0,0,1/19/1977,07:00:00.000Z
22842,KTPL,,,,,1/19/1977,07:00:00.000Z
22843,KMAF,30.2,17.6,11.51,0,1/19/1977,07:00:00.000Z
22844,KUTS,23,17.6,0,0,1/19/1977,07:00:00.000Z
22845,KIAH,24.8,15.8,3.453,0,1/19/1977,07:00:00.000Z
22846,KLBB,32,12.2,9.208,0,1/19/1977,07:00:00.000Z
22847,KNFW,24.8,12.2,0,0,1/19/1977,07:00:00.000Z
22848,KACT,17.6,14,0,0,1/19/1977,07:00:00.000Z
22849,KDHT,26.6,21.2,4.604,45,1/19/1977,07:00:00.000Z
22850,KCLL,23,15.8,6.906,0,1/19/1977,07:00:00.000Z
22851,KHOU,28.4,6.8,9.208,0,1/19/1977,07:00:00.000Z
22852,KMWL,,,,,1/19/1977,07:00:00.000Z
22853,KGDP,35.6,19.4,17.265,,1/19/1977,07:00:00.000Z
22854,KMRF,17.6,14,2.302,,1/19/1977,07:00:00.000Z
22855,KVCT,26.6,19.4,5.755,0,1/19/1977,07:00:00.000Z
22856,KGLS,33.8,19.4,17.265,,1/19/1977,07:00:00.000Z
22857,KEFD,26.6,15.8,4.604,0,1/19/1977,07:00:00.000Z
22858,KBPT,24.8,17.6,11.51,0,1/19/1977,07:00:00.000Z
22859,KEDC,,,,,1/19/1977,07:00:00.000Z
22860,KCRP,35.6,19.4,16.114,0,1/19/1977,07:00:00.000Z
22861,KDYS,30.2,10.4,10.359,0,1/19/1977,07:00:00.000Z
22862,KDRT,33.8,17.6,5.755,0,1/19/1977,07:00:00.000Z
22863,KINK,26.6,15.8,4.604,0,1/19/1977,07:00:00.000Z
22864,KHLR,,,,,1/19/1977,07:00:00.000Z
22865,KBSM,21.2,15.8,2.302,0,1/19/1977,07:00:00.000Z
22866,KBWD,,,,,1/19/1977,07:00:00.000Z
22867,KPSX,26.6,21.2,5.755,0,1/19/1977,07:00:00.000Z
22868,KDLF,28.4,15.8,3.453,0,1/19/1977,07:00:00.000Z
22869,KCOT,32,26.6,0,0,1/19/1977,07:00:00.000Z
22870,KRND,28.4,17.6,0,0,1/19/1977,07:00:00.000Z
22871,KSAT,26.6,15.8,5.755,0,1/19/1977,07:00:00.000Z
22872,KDAL,24.8,12.2,0,0,1/19/1977,07:00:00.000Z
22873,KLRD,,,,,1/19/1977,07:00:00.000Z
22874,KSKF,26.6,15.8,0,0,1/19/1977,07:00:00.000Z
22875,KTYR,21.2,14,4.604,0,1/19/1977,07:00:00.000Z
22876,KELP,37.4,21.2,3.453,0,1/19/1977,07:00:00.000Z
22877,KCDS,23,8.6,10.359,0,1/19/1977,07:00:00.000Z
22878,KHRL,,,,,1/19/1977,07:00:00.000Z
22879,KJCT,24.8,15.8,1.151,,1/19/1977,07:00:00.000Z
22880,KDYS,28.4,8.6,6.906,0,1/19/1977,08:00:00.000Z
22881,KMRF,19.4,14,0,,1/19/1977,08:00:00.000Z
22882,KDFW,21.2,15.8,4.604,0,1/19/1977,08:00:00.000Z
22883,KPRX,,,,,1/19/1977,08:00:00.000Z
22884,KBPT,28.4,15.8,16.114,0,1/19/1977,08:00:00.000Z
22885,KDAL,24.8,12.2,0,0,1/19/1977,08:00:00.000Z
22886,KBWD,,,,,1/19/1977,08:00:00.000Z
22887,KBRO,35.6,28.4,3.453,0,1/19/1977,08:00:00.000Z
22888,KNBE,21.2,12.2,0,0,1/19/1977,08:00:00.000Z
22889,KMFE,35.6,21.2,4.604,0,1/19/1977,08:00:00.000Z
22890,KLBB,33.8,10.4,12.661,0,1/19/1977,08:00:00.000Z
22891,KCLL,21.2,15.8,5.755,0,1/19/1977,08:00:00.000Z
22892,KUTS,21.2,17.6,0,0,1/19/1977,08:00:00.000Z
22893,KSPS,21.2,15.8,5.755,0,1/19/1977,08:00:00.000Z
22894,KJCT,21.2,15.8,1.151,,1/19/1977,08:00:00.000Z
22895,KEFD,26.6,15.8,3.453,0,1/19/1977,08:00:00.000Z
22896,KMWL,,,,,1/19/1977,08:00:00.000Z
22897,KGRK,21.2,12.2,0,0,1/19/1977,08:00:00.000Z
22898,KEDC,,,,,1/19/1977,08:00:00.000Z
22899,KALI,28.4,26.6,0,0,1/19/1977,08:00:00.000Z
22900,KABI,24.8,10.4,10.359,0,1/19/1977,08:00:00.000Z
22901,KSAT,26.6,15.8,6.906,0,1/19/1977,08:00:00.000Z
22902,KGLS,33.8,17.6,14.963,,1/19/1977,08:00:00.000Z
22903,KELP,32,19.4,4.604,0,1/19/1977,08:00:00.000Z
22904,KTYR,19.4,12.2,5.755,0,1/19/1977,08:00:00.000Z
22905,KPSX,26.6,21.2,5.755,0,1/19/1977,08:00:00.000Z
22906,KSKF,24.8,15.8,2.302,0,1/19/1977,08:00:00.000Z
22907,KACT,17.6,15.8,5.755,0,1/19/1977,08:00:00.000Z
22908,KCRP,35.6,19.4,12.661,0,1/19/1977,08:00:00.000Z
22909,KSJT,28.4,15.8,0,0,1/19/1977,08:00:00.000Z
22910,KINK,26.6,12.2,4.604,0,1/19/1977,08:00:00.000Z
22911,KNGP,37.4,15.8,11.51,45,1/19/1977,08:00:00.000Z
22912,KMAF,28.4,17.6,9.208,0,1/19/1977,08:00:00.000Z
22913,KDHT,24.8,21.2,6.906,0,1/19/1977,08:00:00.000Z
22914,KTPL,,,,,1/19/1977,08:00:00.000Z
22915,KBSM,21.2,15.8,0,0,1/19/1977,08:00:00.000Z
22916,KDLF,28.4,15.8,3.453,0,1/19/1977,08:00:00.000Z
22917,KHRL,,,,,1/19/1977,08:00:00.000Z
22918,KGDP,33.8,17.6,19.567,,1/19/1977,08:00:00.000Z
22919,KDRT,30.2,15.8,6.906,0,1/19/1977,08:00:00.000Z
22920,KVCT,24.8,19.4,6.906,0,1/19/1977,08:00:00.000Z
22921,KLRD,,,,,1/19/1977,08:00:00.000Z
22922,KLFK,21.2,17.6,0,0,1/19/1977,08:00:00.000Z
22923,KFTW,24.8,12.2,0,0,1/19/1977,08:00:00.000Z
22924,KNQI,28.4,17.6,2.302,0,1/19/1977,08:00:00.000Z
22925,KNFW,24.8,12.2,0,0,1/19/1977,08:00:00.000Z
22926,KHOU,28.4,6.906,350,,1/19/1977,08:00:00.000Z
22927,KCDS,23,8.6,9.208,0,1/19/1977,08:00:00.000Z
22928,KRND,21.2,15.8,4.604,0,1/19/1977,08:00:00.000Z
22929,KHLR,,,,,1/19/1977,08:00:00.000Z
22930,KCOT,30.2,24.8,0,0,1/19/1977,08:00:00.000Z
22931,KIAH,24.8,15.8,4.604,0,1/19/1977,08:00:00.000Z
22932,KUTS,19.4,17.6,0,0,1/19/1977,09:00:00.000Z
22933,KMAF,28.4,17.6,5.755,0,1/19/1977,09:00:00.000Z
22934,KPRX,,,,,1/19/1977,09:00:00.000Z
22935,KCOT,28.4,23,0,0,1/19/1977,09:00:00.000Z
22936,KRND,21.2,17.6,4.604,0,1/19/1977,09:00:00.000Z
22937,KLRD,,,,,1/19/1977,09:00:00.000Z
22938,KCDS,23,10.4,9.208,0,1/19/1977,09:00:00.000Z
22939,KMRF,,,,,1/19/1977,09:00:00.000Z
22940,KDFW,23,15.8,0,0,1/19/1977,09:00:00.000Z
22941,KINK,26.6,15.8,4.604,0,1/19/1977,09:00:00.000Z
22942,KMWL,,,,,1/19/1977,09:00:00.000Z
22943,KHOU,26.6,15.8,5.755,0,1/19/1977,09:00:00.000Z
22944,KNFW,23,12.2,0,0,1/19/1977,09:00:00.000Z
22945,KLBB,33.8,10.4,10.359,0,1/19/1977,09:00:00.000Z
22946,KABI,26.6,10.4,8.057,0,1/19/1977,09:00:00.000Z
22947,KTPL,,,,,1/19/1977,09:00:00.000Z
22948,KGLS,30.2,19.4,8.057,,1/19/1977,09:00:00.000Z
22949,KCRP,33.8,19.4,9.208,0,1/19/1977,09:00:00.000Z
22950,KEFD,26.6,15.8,3.453,0,1/19/1977,09:00:00.000Z
22951,KACT,17.6,15.8,0,0,1/19/1977,09:00:00.000Z
22952,KSAT,24.8,15.8,4.604,0,1/19/1977,09:00:00.000Z
22953,KSKF,24.8,15.8,2.302,0,1/19/1977,09:00:00.000Z
22954,KDAL,23,12.2,0,0,1/19/1977,09:00:00.000Z
22955,KBWD,,,,,1/19/1977,09:00:00.000Z
22956,KGRK,21.2,12.2,5.755,0,1/19/1977,09:00:00.000Z
22957,KJCT,21.2,15.8,0,,1/19/1977,09:00:00.000Z
22958,KHRL,,,,,1/19/1977,09:00:00.000Z
22959,KFTW,23,14,0,0,1/19/1977,09:00:00.000Z
22960,KTYR,19.4,14,5.755,0,1/19/1977,09:00:00.000Z
22961,KPSX,26.6,21.2,5.755,0,1/19/1977,09:00:00.000Z
22962,KELP,35.6,19.4,3.453,0,1/19/1977,09:00:00.000Z
22963,KBSM,21.2,15.8,1.151,0,1/19/1977,09:00:00.000Z
22964,KDLF,26.6,15.8,4.604,0,1/19/1977,09:00:00.000Z
22965,KLFK,19.4,17.6,5.755,0,1/19/1977,09:00:00.000Z
22966,KALI,28.4,26.6,0,0,1/19/1977,09:00:00.000Z
22967,KSPS,21.2,15.8,8.057,0,1/19/1977,09:00:00.000Z
22968,KIAH,24.8,17.6,4.604,0,1/19/1977,09:00:00.000Z
22969,KNGP,37.4,17.6,11.51,0,1/19/1977,09:00:00.000Z
22970,KBRO,35.6,28.4,4.604,0,1/19/1977,09:00:00.000Z
22971,KSJT,26.6,15.8,5.755,0,1/19/1977,09:00:00.000Z
22972,KGDP,33.8,17.6,24.171,,1/19/1977,09:00:00.000Z
22973,KDYS,30.2,6.8,9.208,0,1/19/1977,09:00:00.000Z
22974,KHLR,,,,,1/19/1977,09:00:00.000Z
22975,KMFE,33.8,26.6,4.604,0,1/19/1977,09:00:00.000Z
22976,KBPT,26.6,15.8,11.51,0,1/19/1977,09:00:00.000Z
22977,KNQI,28.4,19.4,1.151,45,1/19/1977,09:00:00.000Z
22978,KCLL,19.4,15.8,5.755,0,1/19/1977,09:00:00.000Z
22979,KDHT,24.8,21.2,10.359,75,1/19/1977,09:00:00.000Z
22980,KVCT,24.8,17.6,3.453,0,1/19/1977,09:00:00.000Z
22981,KDRT,30.2,15.8,9.208,0,1/19/1977,09:00:00.000Z
22982,KNBE,21.2,12.2,0,0,1/19/1977,09:00:00.000Z
22983,KEDC,,,,,1/19/1977,09:00:00.000Z
22984,KNBE,21.2,12.2,0,0,1/19/1977,10:00:00.000Z
22985,KCOT,28.4,23,0,0,1/19/1977,10:00:00.000Z
22986,KSJT,26.6,15.8,9.208,0,1/19/1977,10:00:00.000Z
22987,KCDS,24.8,8.6,13.812,0,1/19/1977,10:00:00.000Z
22988,KEFD,26.6,15.8,0,0,1/19/1977,10:00:00.000Z
22989,KGLS,28.4,19.4,6.906,,1/19/1977,10:00:00.000Z
22990,KNGP,37.4,17.6,10.359,0,1/19/1977,10:00:00.000Z
22991,KSKF,24.8,15.8,0,0,1/19/1977,10:00:00.000Z
22992,KTYR,19.4,14,0,0,1/19/1977,10:00:00.000Z
22993,KPSX,24.8,21.2,5.755,0,1/19/1977,10:00:00.000Z
22994,KACT,17.6,15.8,0,0,1/19/1977,10:00:00.000Z
22995,KFTW,21.2,14,0,0,1/19/1977,10:00:00.000Z
22996,KSAT,24.8,17.6,4.604,0,1/19/1977,10:00:00.000Z
22997,KELP,33.8,19.4,0,20,1/19/1977,10:00:00.000Z
22998,KIAH,21.2,17.6,4.604,0,1/19/1977,10:00:00.000Z
22999,KLFK,19.4,15.8,0,0,1/19/1977,10:00:00.000Z
23000,KNQI,26.6,19.4,4.604,45,1/19/1977,10:00:00.000Z
23001,KHLR,,,,,1/19/1977,10:00:00.000Z
23002,KLRD,,,,,1/19/1977,10:00:00.000Z
23003,KRND,24.8,15.8,0,0,1/19/1977,10:00:00.000Z
23004,KGDP,33.8,17.6,21.869,,1/19/1977,10:00:00.000Z
23005,KVCT,24.8,19.4,3.453,0,1/19/1977,10:00:00.000Z
23006,KTPL,,,,,1/19/1977,10:00:00.000Z
23007,KBSM,21.2,15.8,2.302,0,1/19/1977,10:00:00.000Z
23008,KDLF,26.6,17.6,4.604,0,1/19/1977,10:00:00.000Z
23009,KHRL,,,,,1/19/1977,10:00:00.000Z
23010,KMAF,30.2,17.6,5.755,0,1/19/1977,10:00:00.000Z
23011,KDRT,30.2,15.8,10.359,0,1/19/1977,10:00:00.000Z
23012,KDHT,26.6,23,6.906,75,1/19/1977,10:00:00.000Z
23013,KPRX,,,,,1/19/1977,10:00:00.000Z
23014,KUTS,19.4,17.6,0,0,1/19/1977,10:00:00.000Z
23015,KBPT,24.8,15.8,11.51,0,1/19/1977,10:00:00.000Z
23016,KCLL,19.4,15.8,6.906,0,1/19/1977,10:00:00.000Z
23017,KDYS,28.4,6.8,6.906,0,1/19/1977,10:00:00.000Z
23018,KDFW,21.2,15.8,0,0,1/19/1977,10:00:00.000Z
23019,KMRF,17.6,12.2,0,,1/19/1977,10:00:00.000Z
23020,KMWL,,,,,1/19/1977,10:00:00.000Z
23021,KLBB,32,10.4,9.208,0,1/19/1977,10:00:00.000Z
23022,KABI,26.6,8.6,10.359,0,1/19/1977,10:00:00.000Z
23023,KNFW,23,15.8,0,0,1/19/1977,10:00:00.000Z
23024,KSPS,21.2,17.6,8.057,0,1/19/1977,10:00:00.000Z
23025,KCRP,32,21.2,5.755,0,1/19/1977,10:00:00.000Z
23026,KINK,,,,,1/19/1977,10:00:00.000Z
23027,KBWD,,,,,1/19/1977,10:00:00.000Z
23028,KBRO,33.8,28.4,8.057,0,1/19/1977,10:00:00.000Z
23029,KDAL,21.2,12.2,0,0,1/19/1977,10:00:00.000Z
23030,KMFE,30.2,24.8,4.604,0,1/19/1977,10:00:00.000Z
23031,KGRK,23,12.2,3.453,0,1/19/1977,10:00:00.000Z
23032,KALI,28.4,26.6,0,0,1/19/1977,10:00:00.000Z
23033,KEDC,,,,,1/19/1977,10:00:00.000Z
23034,KJCT,21.2,15.8,2.302,,1/19/1977,10:00:00.000Z
23035,KHOU,24.8,17.6,4.604,0,1/19/1977,10:00:00.000Z
23036,KCOT,28.4,21.2,0,0,1/19/1977,11:00:00.000Z
23037,KACT,19.4,17.6,6.906,0,1/19/1977,11:00:00.000Z
23038,KTPL,,,,,1/19/1977,11:00:00.000Z
23039,KRND,21.2,15.8,1.151,0,1/19/1977,11:00:00.000Z
23040,KNFW,23,15.8,0,0,1/19/1977,11:00:00.000Z
23041,KCRP,33.8,21.2,12.661,0,1/19/1977,11:00:00.000Z
23042,KDAL,21.2,15.8,5.755,0,1/19/1977,11:00:00.000Z
23043,KJCT,21.2,15.8,3.453,,1/19/1977,11:00:00.000Z
23044,KBPT,24.8,15.8,11.51,0,1/19/1977,11:00:00.000Z
23045,KEDC,6.8,-9.4,0,75,1/19/1977,11:00:00.000Z
23046,KMFE,30.2,28.4,5.755,0,1/19/1977,11:00:00.000Z
23047,KSPS,19.4,17.6,8.057,0,1/19/1977,11:00:00.000Z
23048,KALI,30.2,21.2,5.755,0,1/19/1977,11:00:00.000Z
23049,KLBB,30.2,14,12.661,0,1/19/1977,11:00:00.000Z
23050,KDFW,19.4,15.8,0,0,1/19/1977,11:00:00.000Z
23051,KLRD,,,,,1/19/1977,11:00:00.000Z
23052,KFTW,,,,,1/19/1977,11:00:00.000Z
23053,KTYR,17.6,14,0,0,1/19/1977,11:00:00.000Z
23054,KNGP,37.4,21.2,11.51,45,1/19/1977,11:00:00.000Z
23055,KSJT,26.6,15.8,8.057,0,1/19/1977,11:00:00.000Z
23056,KBSM,21.2,15.8,2.302,0,1/19/1977,11:00:00.000Z
23057,KELP,30.2,19.4,4.604,20,1/19/1977,11:00:00.000Z
23058,KINK,26.6,15.8,0,0,1/19/1977,11:00:00.000Z
23059,KUTS,17.6,17.6,0,0,1/19/1977,11:00:00.000Z
23060,KLFK,21.2,17.6,0,0,1/19/1977,11:00:00.000Z
23061,KNBE,19.4,14,0,0,1/19/1977,11:00:00.000Z
23062,KDLF,26.6,17.6,5.755,0,1/19/1977,11:00:00.000Z
23063,KSKF,21.2,15.8,3.453,0,1/19/1977,11:00:00.000Z
23064,KHOU,24.8,21.2,0,0,1/19/1977,11:00:00.000Z
23065,KIAH,19.4,15.8,0,0,1/19/1977,11:00:00.000Z
23066,KPSX,24.8,21.2,4.604,0,1/19/1977,11:00:00.000Z
23067,KPRX,,,,,1/19/1977,11:00:00.000Z
23068,KDRT,28.4,17.6,9.208,0,1/19/1977,11:00:00.000Z
23069,KGDP,28.4,15.8,19.567,,1/19/1977,11:00:00.000Z
23070,KMWL,,,,,1/19/1977,11:00:00.000Z
23071,KEFD,24.8,17.6,2.302,0,1/19/1977,11:00:00.000Z
23072,KNQI,28.4,19.4,5.755,0,1/19/1977,11:00:00.000Z
23073,KMRF,17.6,12.2,3.453,,1/19/1977,11:00:00.000Z
23074,KVCT,24.8,19.4,0,0,1/19/1977,11:00:00.000Z
23075,KGRK,24.8,12.2,4.604,0,1/19/1977,11:00:00.000Z
23076,KSAT,21.2,15.8,4.604,0,1/19/1977,11:00:00.000Z
23077,KMAF,28.4,19.4,8.057,0,1/19/1977,11:00:00.000Z
23078,KABI,26.6,8.6,13.812,0,1/19/1977,11:00:00.000Z
23079,KHRL,,,,,1/19/1977,11:00:00.000Z
23080,KDHT,26.6,24.8,8.057,75,1/19/1977,11:00:00.000Z
23081,KCLL,19.4,15.8,0,0,1/19/1977,11:00:00.000Z
23082,KCDS,23,10.4,13.812,0,1/19/1977,11:00:00.000Z
23083,KGLS,30.2,17.6,12.661,,1/19/1977,11:00:00.000Z
23084,KHLR,,,,,1/19/1977,11:00:00.000Z
23085,KBRO,33.8,28.4,8.057,0,1/19/1977,11:00:00.000Z
23086,KBWD,,,,,1/19/1977,11:00:00.000Z
23087,KDYS,28.4,8.6,5.755,0,1/19/1977,11:00:00.000Z
23088,KEDC,6.8,-9.4,2.302,100,1/19/1977,12:00:00.000Z
23089,KTPL,19.4,12.2,0,0,1/19/1977,12:00:00.000Z
23090,KDHT,26.6,23,9.208,75,1/19/1977,12:00:00.000Z
23091,KCLL,19.4,15.8,0,0,1/19/1977,12:00:00.000Z
23092,KMRF,17.6,12.2,0,,1/19/1977,12:00:00.000Z
23093,KDFW,21.2,15.8,3.453,0,1/19/1977,12:00:00.000Z
23094,KJCT,19.4,15.8,1.151,,1/19/1977,12:00:00.000Z
23095,KNQI,28.4,19.4,1.151,0,1/19/1977,12:00:00.000Z
23096,KHLR,21.2,12.2,0,0,1/19/1977,12:00:00.000Z
23097,KMFE,30.2,26.6,3.453,0,1/19/1977,12:00:00.000Z
23098,KMWL,19.4,10.4,10.359,0,1/19/1977,12:00:00.000Z
23099,KGRK,24.8,12.2,5.755,0,1/19/1977,12:00:00.000Z
23100,KPRX,,,,,1/19/1977,12:00:00.000Z
23101,KDRT,28.4,17.6,10.359,0,1/19/1977,12:00:00.000Z
23102,KSPS,19.4,15.8,9.208,0,1/19/1977,12:00:00.000Z
23103,KBRO,30.2,28.4,6.906,0,1/19/1977,12:00:00.000Z
23104,KUTS,17.6,17.6,0,0,1/19/1977,12:00:00.000Z
23105,KRND,21.2,17.6,2.302,0,1/19/1977,12:00:00.000Z
23106,KLRD,30.2,28.4,4.604,0,1/19/1977,12:00:00.000Z
23107,KDYS,30.2,8.6,11.51,0,1/19/1977,12:00:00.000Z
23108,KBWD,,,,,1/19/1977,12:00:00.000Z
23109,KALI,30.2,24.8,4.604,0,1/19/1977,12:00:00.000Z
23110,KABI,28.4,8.6,12.661,0,1/19/1977,12:00:00.000Z
23111,KMAF,28.4,19.4,9.208,0,1/19/1977,12:00:00.000Z
23112,KDAL,21.2,14,6.906,0,1/19/1977,12:00:00.000Z
23113,KBPT,23,15.8,6.906,0,1/19/1977,12:00:00.000Z
23114,KSKF,23,15.8,0,0,1/19/1977,12:00:00.000Z
23115,KCRP,33.8,21.2,11.51,0,1/19/1977,12:00:00.000Z
23116,KBSM,21.2,15.8,0,0,1/19/1977,12:00:00.000Z
23117,KLFK,19.4,15.8,6.906,0,1/19/1977,12:00:00.000Z
23118,KELP,28.4,19.4,4.604,20,1/19/1977,12:00:00.000Z
23119,KINK,26.6,15.8,0,0,1/19/1977,12:00:00.000Z
23120,KPSX,24.8,19.4,4.604,0,1/19/1977,12:00:00.000Z
23121,KIAH,19.4,15.8,0,0,1/19/1977,12:00:00.000Z
23122,KSJT,24.8,15.8,0,0,1/19/1977,12:00:00.000Z
23123,KHOU,24.8,21.2,6.906,0,1/19/1977,12:00:00.000Z
23124,KTYR,19.4,14,0,0,1/19/1977,12:00:00.000Z
23125,KDLF,24.8,17.6,4.604,0,1/19/1977,12:00:00.000Z
23126,KNFW,24.8,14,4.604,0,1/19/1977,12:00:00.000Z
23127,KGLS,30.2,15.8,13.812,0,1/19/1977,12:00:00.000Z
23128,KNGP,37.4,19.4,11.51,45,1/19/1977,12:00:00.000Z
23129,KCDS,23,10.4,13.812,0,1/19/1977,12:00:00.000Z
23130,KCOT,26.6,19.4,0,0,1/19/1977,12:00:00.000Z
23131,KGDP,30.2,17.6,21.869,,1/19/1977,12:00:00.000Z
23132,KSAT,23,15.8,4.604,0,1/19/1977,12:00:00.000Z
23133,KHRL,,,,,1/19/1977,12:00:00.000Z
23134,KFTW,21.2,15.8,5.755,0,1/19/1977,12:00:00.000Z
23135,KACT,19.4,15.8,6.906,0,1/19/1977,12:00:00.000Z
23136,KLBB,28.4,12.2,10.359,0,1/19/1977,12:00:00.000Z
23137,KNBE,21.2,12.2,0,45,1/19/1977,12:00:00.000Z
23138,KEFD,23,17.6,0,0,1/19/1977,12:00:00.000Z
23139,KVCT,24.8,17.6,0,0,1/19/1977,12:00:00.000Z
23140,KBWD,,,,,1/19/1977,13:00:00.000Z
23141,KGDP,28.4,17.6,20.718,,1/19/1977,13:00:00.000Z
23142,KMFE,28.4,23,5.755,45,1/19/1977,13:00:00.000Z
23143,KVCT,24.8,17.6,3.453,0,1/19/1977,13:00:00.000Z
23144,KNQI,28.4,19.4,0,45,1/19/1977,13:00:00.000Z
23145,KJCT,21.2,15.8,1.151,,1/19/1977,13:00:00.000Z
23146,KDAL,23,12.2,10.359,0,1/19/1977,13:00:00.000Z
23147,KIAH,19.4,15.8,0,0,1/19/1977,13:00:00.000Z
23148,KPSX,24.8,19.4,8.057,0,1/19/1977,13:00:00.000Z
23149,KSPS,19.4,15.8,10.359,0,1/19/1977,13:00:00.000Z
23150,KTYR,19.4,14,5.755,0,1/19/1977,13:00:00.000Z
23151,KDRT,28.4,17.6,9.208,45,1/19/1977,13:00:00.000Z
23152,KDLF,24.8,17.6,5.755,45,1/19/1977,13:00:00.000Z
23153,KLFK,19.4,15.8,0,0,1/19/1977,13:00:00.000Z
23154,KBSM,21.2,15.8,0,45,1/19/1977,13:00:00.000Z
23155,KGRK,21.2,12.2,5.755,0,1/19/1977,13:00:00.000Z
23156,KALI,26.6,26.6,0,0,1/19/1977,13:00:00.000Z
23157,KELP,30.2,19.4,5.755,75,1/19/1977,13:00:00.000Z
23158,KSKF,21.2,15.8,0,45,1/19/1977,13:00:00.000Z
23159,KDHT,30.2,24.8,8.057,45,1/19/1977,13:00:00.000Z
23160,KBRO,30.2,26.6,5.755,20,1/19/1977,13:00:00.000Z
23161,KFTW,21.2,14,6.906,0,1/19/1977,13:00:00.000Z
23162,KHRL,,,,,1/19/1977,13:00:00.000Z
23163,KLBB,30.2,12.2,6.906,0,1/19/1977,13:00:00.000Z
23164,KDFW,21.2,15.8,8.057,0,1/19/1977,13:00:00.000Z
23165,KMRF,17.6,12.2,0,,1/19/1977,13:00:00.000Z
23166,KTPL,19.4,15.8,0,75,1/19/1977,13:00:00.000Z
23167,KMWL,19.4,12.2,9.208,0,1/19/1977,13:00:00.000Z
23168,KSJT,24.8,15.8,0,0,1/19/1977,13:00:00.000Z
23169,KHOU,24.8,19.4,6.906,0,1/19/1977,13:00:00.000Z
23170,KNBE,26.6,17.6,8.057,45,1/19/1977,13:00:00.000Z
23171,KINK,21.2,17.6,0,0,1/19/1977,13:00:00.000Z
23172,KCRP,33.8,23,11.51,0,1/19/1977,13:00:00.000Z
23173,KEFD,23,15.8,0,0,1/19/1977,13:00:00.000Z
23174,KSAT,21.2,15.8,5.755,0,1/19/1977,13:00:00.000Z
23175,KACT,19.4,17.6,6.906,20,1/19/1977,13:00:00.000Z
23176,KDYS,30.2,8.6,13.812,45,1/19/1977,13:00:00.000Z
23177,KCLL,19.4,15.8,3.453,0,1/19/1977,13:00:00.000Z
23178,KNFW,23,14,4.604,0,1/19/1977,13:00:00.000Z
23179,KLRD,,,,,1/19/1977,13:00:00.000Z
23180,KBPT,21.2,14,8.057,0,1/19/1977,13:00:00.000Z
23181,KGLS,28.4,17.6,11.51,,1/19/1977,13:00:00.000Z
23182,KHLR,21.2,12.2,0,0,1/19/1977,13:00:00.000Z
23183,KCDS,23,12.2,12.661,45,1/19/1977,13:00:00.000Z
23184,KEDC,8.6,-9.4,3.453,100,1/19/1977,13:00:00.000Z
23185,KRND,23,17.6,0,45,1/19/1977,13:00:00.000Z
23186,KMAF,28.4,17.6,8.057,0,1/19/1977,13:00:00.000Z
23187,KABI,30.2,8.6,16.114,0,1/19/1977,13:00:00.000Z
23188,KCOT,26.6,19.4,0,0,1/19/1977,13:00:00.000Z
23189,KPRX,,,,,1/19/1977,13:00:00.000Z
23190,KNGP,37.4,17.6,10.359,45,1/19/1977,13:00:00.000Z
23191,KUTS,19.4,17.6,4.604,0,1/19/1977,13:00:00.000Z
23192,KHOU,26.6,19.4,6.906,0,1/19/1977,14:00:00.000Z
23193,KPSX,26.6,21.2,4.604,45,1/19/1977,14:00:00.000Z
23194,KTYR,21.2,15.8,11.51,45,1/19/1977,14:00:00.000Z
23195,KNFW,24.8,15.8,6.906,45,1/19/1977,14:00:00.000Z
23196,KSKF,23,17.6,0,75,1/19/1977,14:00:00.000Z
23197,KRND,24.8,17.6,1.151,45,1/19/1977,14:00:00.000Z
23198,KDRT,28.4,15.8,10.359,45,1/19/1977,14:00:00.000Z
23199,KLRD,,,,,1/19/1977,14:00:00.000Z
23200,KMAF,30.2,17.6,11.51,20,1/19/1977,14:00:00.000Z
23201,KHLR,23,10.4,1.151,0,1/19/1977,14:00:00.000Z
23202,KSAT,23,15.8,4.604,75,1/19/1977,14:00:00.000Z
23203,KACT,21.2,17.6,6.906,20,1/19/1977,14:00:00.000Z
23204,KHRL,,,,,1/19/1977,14:00:00.000Z
23205,KINK,21.2,17.6,5.755,75,1/19/1977,14:00:00.000Z
23206,KELP,30.2,19.4,0,100,1/19/1977,14:00:00.000Z
23207,KDLF,24.8,17.6,6.906,45,1/19/1977,14:00:00.000Z
23208,KCRP,33.8,26.6,5.755,45,1/19/1977,14:00:00.000Z
23209,KBSM,23,17.6,0,45,1/19/1977,14:00:00.000Z
23210,KGDP,33.8,17.6,20.718,,1/19/1977,14:00:00.000Z
23211,KDHT,30.2,24.8,6.906,75,1/19/1977,14:00:00.000Z
23212,KTPL,19.4,15.8,0,75,1/19/1977,14:00:00.000Z
23213,KVCT,26.6,21.2,3.453,45,1/19/1977,14:00:00.000Z
23214,KNGP,39.2,24.8,11.51,45,1/19/1977,14:00:00.000Z
23215,KSPS,21.2,15.8,11.51,45,1/19/1977,14:00:00.000Z
23216,KDAL,24.8,12.2,16.114,0,1/19/1977,14:00:00.000Z
23217,KBRO,33.8,28.4,6.906,20,1/19/1977,14:00:00.000Z
23218,KEFD,26.6,17.6,3.453,0,1/19/1977,14:00:00.000Z
23219,KBWD,,,,,1/19/1977,14:00:00.000Z
23220,KMFE,32,26.6,4.604,45,1/19/1977,14:00:00.000Z
23221,KNQI,32,24.8,1.151,45,1/19/1977,14:00:00.000Z
23222,KALI,28.4,24.8,0,45,1/19/1977,14:00:00.000Z
23223,KNBE,28.4,17.6,11.51,45,1/19/1977,14:00:00.000Z
23224,KGRK,23,14,5.755,45,1/19/1977,14:00:00.000Z
23225,KABI,30.2,8.6,18.416,45,1/19/1977,14:00:00.000Z
23226,KCLL,23,15.8,4.604,0,1/19/1977,14:00:00.000Z
23227,KDYS,32,8.6,2.302,45,1/19/1977,14:00:00.000Z
23228,KUTS,19.4,15.8,8.057,45,1/19/1977,14:00:00.000Z
23229,KPRX,,,,,1/19/1977,14:00:00.000Z
23230,KMRF,24.8,17.6,0,,1/19/1977,14:00:00.000Z
23231,KDFW,23,15.8,4.604,45,1/19/1977,14:00:00.000Z
23232,KEDC,8.6,-7.6,3.453,75,1/19/1977,14:00:00.000Z
23233,KJCT,21.2,15.8,1.151,,1/19/1977,14:00:00.000Z
23234,KLBB,30.2,14,12.661,75,1/19/1977,14:00:00.000Z
23235,KBPT,24.8,17.6,2.302,0,1/19/1977,14:00:00.000Z
23236,KMWL,21.2,12.2,12.661,45,1/19/1977,14:00:00.000Z
23237,KGLS,28.4,15.8,10.359,,1/19/1977,14:00:00.000Z
23238,KCDS,24.8,12.2,11.51,75,1/19/1977,14:00:00.000Z
23239,KLFK,21.2,17.6,0,0,1/19/1977,14:00:00.000Z
23240,KFTW,24.8,14,5.755,45,1/19/1977,14:00:00.000Z
23241,KCOT,24.8,17.6,0,45,1/19/1977,14:00:00.000Z
23242,KIAH,24.8,17.6,4.604,0,1/19/1977,14:00:00.000Z
23243,KSJT,30.2,15.8,9.208,45,1/19/1977,14:00:00.000Z
23244,KMRF,33.8,23,0,,1/19/1977,15:00:00.000Z
23245,KMWL,26.6,15.8,13.812,45,1/19/1977,15:00:00.000Z
23246,KDFW,28.4,17.6,13.812,20,1/19/1977,15:00:00.000Z
23247,KGLS,33.8,19.4,10.359,,1/19/1977,15:00:00.000Z
23248,KABI,33.8,8.6,20.718,20,1/19/1977,15:00:00.000Z
23249,KMAF,35.6,17.6,12.661,20,1/19/1977,15:00:00.000Z
23250,KNFW,30.2,15.8,11.51,45,1/19/1977,15:00:00.000Z
23251,KTPL,26.6,17.6,5.755,45,1/19/1977,15:00:00.000Z
23252,KCDS,28.4,12.2,11.51,75,1/19/1977,15:00:00.000Z
23253,KACT,28.4,21.2,12.661,0,1/19/1977,15:00:00.000Z
23254,KSAT,30.2,17.6,9.208,75,1/19/1977,15:00:00.000Z
23255,KSJT,35.6,17.6,19.567,20,1/19/1977,15:00:00.000Z
23256,KHOU,30.2,15.8,10.359,0,1/19/1977,15:00:00.000Z
23257,KINK,28.4,21.2,4.604,75,1/19/1977,15:00:00.000Z
23258,KNBE,30.2,15.8,9.208,20,1/19/1977,15:00:00.000Z
23259,KCRP,39.2,24.8,6.906,20,1/19/1977,15:00:00.000Z
23260,KCOT,33.8,21.2,5.755,45,1/19/1977,15:00:00.000Z
23261,KLBB,32,17.6,9.208,100,1/19/1977,15:00:00.000Z
23262,KEFD,30.2,19.4,4.604,45,1/19/1977,15:00:00.000Z
23263,KRND,32,15.8,3.453,45,1/19/1977,15:00:00.000Z
23264,KDHT,42.8,24.8,14.963,75,1/19/1977,15:00:00.000Z
23265,KALI,35.6,24.8,0,45,1/19/1977,15:00:00.000Z
23266,KGRK,30.2,15.8,9.208,45,1/19/1977,15:00:00.000Z
23267,KNQI,37.4,28.4,0,20,1/19/1977,15:00:00.000Z
23268,KMFE,35.6,28.4,6.906,45,1/19/1977,15:00:00.000Z
23269,KVCT,32,21.2,8.057,20,1/19/1977,15:00:00.000Z
23270,KBRO,39.2,32,8.057,20,1/19/1977,15:00:00.000Z
23271,KDAL,28.4,14,11.51,20,1/19/1977,15:00:00.000Z
23272,KBWD,,,,,1/19/1977,15:00:00.000Z
23273,KSPS,26.6,15.8,16.114,45,1/19/1977,15:00:00.000Z
23274,KDRT,33.8,19.4,17.265,0,1/19/1977,15:00:00.000Z
23275,KGDP,33.8,17.6,26.473,,1/19/1977,15:00:00.000Z
23276,KSKF,28.4,15.8,4.604,75,1/19/1977,15:00:00.000Z
23277,KHRL,,,,,1/19/1977,15:00:00.000Z
23278,KFTW,30.2,17.6,11.51,45,1/19/1977,15:00:00.000Z
23279,KTYR,28.4,17.6,12.661,45,1/19/1977,15:00:00.000Z
23280,KPSX,32,21.2,9.208,45,1/19/1977,15:00:00.000Z
23281,KIAH,28.4,19.4,6.906,0,1/19/1977,15:00:00.000Z
23282,KBSM,28.4,19.4,0,45,1/19/1977,15:00:00.000Z
23283,KLFK,26.6,19.4,11.51,0,1/19/1977,15:00:00.000Z
23284,KDLF,32,17.6,11.51,45,1/19/1977,15:00:00.000Z
23285,KELP,32,21.2,4.604,100,1/19/1977,15:00:00.000Z
23286,KLRD,35.6,19.4,8.057,45,1/19/1977,15:00:00.000Z
23287,KEDC,12.2,-7.6,6.906,45,1/19/1977,15:00:00.000Z
23288,KHLR,30.2,14,6.906,45,1/19/1977,15:00:00.000Z
23289,KCLL,30.2,19.4,11.51,0,1/19/1977,15:00:00.000Z
23290,KPRX,,,,,1/19/1977,15:00:00.000Z
23291,KDYS,37.4,10.4,17.265,75,1/19/1977,15:00:00.000Z
23292,KBPT,28.4,15.8,8.057,0,1/19/1977,15:00:00.000Z
23293,KJCT,32,15.8,6.906,,1/19/1977,15:00:00.000Z
23294,KNGP,44.6,24.8,8.057,20,1/19/1977,15:00:00.000Z
23295,KUTS,23,15.8,10.359,45,1/19/1977,15:00:00.000Z
23296,KHRL,,,,,1/19/1977,16:00:00.000Z
23297,KTPL,33.8,12.2,11.51,0,1/19/1977,16:00:00.000Z
23298,KELP,33.8,21.2,3.453,100,1/19/1977,16:00:00.000Z
23299,KDLF,37.4,15.8,14.963,45,1/19/1977,16:00:00.000Z
23300,KLFK,30.2,17.6,10.359,0,1/19/1977,16:00:00.000Z
23301,KDYS,41,12.2,18.416,75,1/19/1977,16:00:00.000Z
23302,KTYR,30.2,17.6,12.661,45,1/19/1977,16:00:00.000Z
23303,KPSX,35.6,23,9.208,45,1/19/1977,16:00:00.000Z
23304,KSPS,33.8,15.8,19.567,0,1/19/1977,16:00:00.000Z
23305,KACT,35.6,17.6,14.963,0,1/19/1977,16:00:00.000Z
23306,KSAT,33.8,15.8,9.208,45,1/19/1977,16:00:00.000Z
23307,KBWD,,,,,1/19/1977,16:00:00.000Z
23308,KLBB,41,21.2,12.661,75,1/19/1977,16:00:00.000Z
23309,KHOU,33.8,19.4,8.057,0,1/19/1977,16:00:00.000Z
23310,KDHT,46.4,30.2,28.775,45,1/19/1977,16:00:00.000Z
23311,KGRK,35.6,15.8,16.114,45,1/19/1977,16:00:00.000Z
23312,KNQI,42.8,24.8,1.151,45,1/19/1977,16:00:00.000Z
23313,KCRP,44.6,28.4,8.057,45,1/19/1977,16:00:00.000Z
23314,KNGP,46.4,26.6,8.057,45,1/19/1977,16:00:00.000Z
23315,KBRO,46.4,33.8,5.755,0,1/19/1977,16:00:00.000Z
23316,KMAF,42.8,19.4,13.812,100,1/19/1977,16:00:00.000Z
23317,KVCT,37.4,21.2,10.359,45,1/19/1977,16:00:00.000Z
23318,KDAL,30.2,14,17.265,0,1/19/1977,16:00:00.000Z
23319,KMFE,42.8,26.6,5.755,45,1/19/1977,16:00:00.000Z
23320,KEDC,15.8,-2.2,4.604,45,1/19/1977,16:00:00.000Z
23321,KEFD,33.8,19.4,4.604,45,1/19/1977,16:00:00.000Z
23322,KMWL,33.8,17.6,14.963,45,1/19/1977,16:00:00.000Z
23323,KGDP,33.8,17.6,19.567,,1/19/1977,16:00:00.000Z
23324,KFTW,35.6,15.8,16.114,45,1/19/1977,16:00:00.000Z
23325,KGLS,35.6,21.2,5.755,,1/19/1977,16:00:00.000Z
23326,KCDS,35.6,26.6,12.661,75,1/19/1977,16:00:00.000Z
23327,KMRF,46.4,21.2,6.906,,1/19/1977,16:00:00.000Z
23328,KDFW,32,17.6,13.812,45,1/19/1977,16:00:00.000Z
23329,KLRD,39.2,17.6,9.208,45,1/19/1977,16:00:00.000Z
23330,KIAH,33.8,17.6,6.906,0,1/19/1977,16:00:00.000Z
23331,KRND,35.6,15.8,8.057,45,1/19/1977,16:00:00.000Z
23332,KNBE,33.8,17.6,10.359,45,1/19/1977,16:00:00.000Z
23333,KDRT,37.4,21.2,18.416,45,1/19/1977,16:00:00.000Z
23334,KSJT,39.2,17.6,18.416,45,1/19/1977,16:00:00.000Z
23335,KBPT,30.2,15.8,5.755,0,1/19/1977,16:00:00.000Z
23336,KSKF,33.8,15.8,6.906,45,1/19/1977,16:00:00.000Z
23337,KCLL,33.8,19.4,11.51,0,1/19/1977,16:00:00.000Z
23338,KUTS,26.6,15.8,10.359,45,1/19/1977,16:00:00.000Z
23339,KHLR,35.6,12.2,11.51,45,1/19/1977,16:00:00.000Z
23340,KJCT,39.2,12.2,13.812,,1/19/1977,16:00:00.000Z
23341,KABI,37.4,10.4,21.869,45,1/19/1977,16:00:00.000Z
23342,KNFW,35.6,15.8,17.265,45,1/19/1977,16:00:00.000Z
23343,KALI,39.2,24.8,4.604,45,1/19/1977,16:00:00.000Z
23344,KPRX,,,,,1/19/1977,16:00:00.000Z
23345,KCOT,,,,,1/19/1977,16:00:00.000Z
23346,KINK,39.2,15.8,11.51,75,1/19/1977,16:00:00.000Z
23347,KBSM,39.2,15.8,9.208,45,1/19/1977,16:00:00.000Z
23348,KBWD,,,,,1/19/1977,17:00:00.000Z
23349,KDHT,48.2,41,28.775,45,1/19/1977,17:00:00.000Z
23350,KNQI,46.4,28.4,6.906,45,1/19/1977,17:00:00.000Z
23351,KSKF,37.4,12.2,10.359,45,1/19/1977,17:00:00.000Z
23352,KBSM,42.8,17.6,10.359,45,1/19/1977,17:00:00.000Z
23353,KIAH,37.4,17.6,5.755,0,1/19/1977,17:00:00.000Z
23354,KTYR,35.6,17.6,11.51,45,1/19/1977,17:00:00.000Z
23355,KRND,39.2,15.8,10.359,45,1/19/1977,17:00:00.000Z
23356,KDLF,41,15.8,16.114,75,1/19/1977,17:00:00.000Z
23357,KLRD,,,,,1/19/1977,17:00:00.000Z
23358,KCOT,42.8,21.2,8.057,0,1/19/1977,17:00:00.000Z
23359,KGLS,37.4,24.8,3.453,,1/19/1977,17:00:00.000Z
23360,KCDS,41,19.4,12.661,45,1/19/1977,17:00:00.000Z
23361,KVCT,39.2,19.4,11.51,45,1/19/1977,17:00:00.000Z
23362,KPSX,39.2,26.6,9.208,45,1/19/1977,17:00:00.000Z
23363,KGDP,35.6,19.4,23.02,,1/19/1977,17:00:00.000Z
23364,KLFK,33.8,17.6,8.057,45,1/19/1977,17:00:00.000Z
23365,KNGP,48.2,30.2,8.057,45,1/19/1977,17:00:00.000Z
23366,KSJT,46.4,21.2,20.718,75,1/19/1977,17:00:00.000Z
23367,KALI,44.6,28.4,9.208,45,1/19/1977,17:00:00.000Z
23368,KSPS,39.2,15.8,23.02,0,1/19/1977,17:00:00.000Z
23369,KBRO,53.6,37.4,6.906,20,1/19/1977,17:00:00.000Z
23370,KHRL,,,,,1/19/1977,17:00:00.000Z
23371,KELP,41,23,3.453,100,1/19/1977,17:00:00.000Z
23372,KEDC,19.4,1.4,4.604,0,1/19/1977,17:00:00.000Z
23373,KCRP,48.2,30.2,10.359,45,1/19/1977,17:00:00.000Z
23374,KINK,46.4,24.8,9.208,75,1/19/1977,17:00:00.000Z
23375,KDYS,44.6,15.8,17.265,75,1/19/1977,17:00:00.000Z
23376,KMWL,39.2,21.2,16.114,0,1/19/1977,17:00:00.000Z
23377,KFTW,39.2,14,19.567,45,1/19/1977,17:00:00.000Z
23378,KTPL,37.4,15.8,17.265,0,1/19/1977,17:00:00.000Z
23379,KHOU,37.4,15.8,6.906,0,1/19/1977,17:00:00.000Z
23380,KLBB,48.2,24.8,19.567,75,1/19/1977,17:00:00.000Z
23381,KMAF,46.4,19.4,9.208,100,1/19/1977,17:00:00.000Z
23382,KMRF,51.8,17.6,10.359,,1/19/1977,17:00:00.000Z
23383,KDAL,35.6,14,17.265,0,1/19/1977,17:00:00.000Z
23384,KACT,37.4,17.6,17.265,20,1/19/1977,17:00:00.000Z
23385,KDFW,33.8,19.4,19.567,45,1/19/1977,17:00:00.000Z
23386,KSAT,37.4,14,14.963,0,1/19/1977,17:00:00.000Z
23387,KNFW,39.2,15.8,16.114,45,1/19/1977,17:00:00.000Z
23388,KPRX,30.2,17.6,4.604,45,1/19/1977,17:00:00.000Z
23389,KUTS,30.2,17.6,11.51,0,1/19/1977,17:00:00.000Z
23390,KJCT,44.6,14,13.812,,1/19/1977,17:00:00.000Z
23391,KABI,41,12.2,23.02,75,1/19/1977,17:00:00.000Z
23392,KHLR,39.2,10.4,17.265,45,1/19/1977,17:00:00.000Z
23393,KCLL,37.4,19.4,11.51,0,1/19/1977,17:00:00.000Z
23394,KBPT,33.8,15.8,8.057,0,1/19/1977,17:00:00.000Z
23395,KNBE,37.4,15.8,12.661,45,1/19/1977,17:00:00.000Z
23396,KDRT,42.8,19.4,17.265,75,1/19/1977,17:00:00.000Z
23397,KMFE,46.4,30.2,11.51,75,1/19/1977,17:00:00.000Z
23398,KEFD,35.6,17.6,2.302,45,1/19/1977,17:00:00.000Z
23399,KGRK,39.2,12.2,13.812,45,1/19/1977,17:00:00.000Z
23400,KALI,48.2,30.2,5.755,45,1/19/1977,18:00:00.000Z
23401,KDLF,44.6,17.6,11.51,100,1/19/1977,18:00:00.000Z
23402,KTYR,39.2,15.8,21.869,0,1/19/1977,18:00:00.000Z
23403,KDFW,37.4,21.2,17.265,0,1/19/1977,18:00:00.000Z
23404,KMFE,42.8,23,9.208,45,1/19/1977,18:00:00.000Z
23405,KLBB,59,28.4,27.624,100,1/19/1977,18:00:00.000Z
23406,KNGP,51.8,32,8.057,20,1/19/1977,18:00:00.000Z
23407,KELP,46.4,24.8,6.906,100,1/19/1977,18:00:00.000Z
23408,KSKF,41,15.8,8.057,45,1/19/1977,18:00:00.000Z
23409,KPSX,42.8,19.4,9.208,0,1/19/1977,18:00:00.000Z
23410,KSJT,51.8,24.8,19.567,100,1/19/1977,18:00:00.000Z
23411,KNQI,48.2,28.4,9.208,20,1/19/1977,18:00:00.000Z
23412,KFTW,44.6,14,14.963,45,1/19/1977,18:00:00.000Z
23413,KGRK,42.8,12.2,20.718,45,1/19/1977,18:00:00.000Z
23414,KEFD,37.4,19.4,3.453,45,1/19/1977,18:00:00.000Z
23415,KMAF,53.6,21.2,11.51,100,1/19/1977,18:00:00.000Z
23416,KDAL,41,14,17.265,0,1/19/1977,18:00:00.000Z
23417,KACT,39.2,17.6,16.114,0,1/19/1977,18:00:00.000Z
23418,KHOU,39.2,19.4,10.359,0,1/19/1977,18:00:00.000Z
23419,KMRF,55.4,17.6,12.661,,1/19/1977,18:00:00.000Z
23420,KNBE,42.8,15.8,13.812,20,1/19/1977,18:00:00.000Z
23421,KDRT,44.6,17.6,11.51,100,1/19/1977,18:00:00.000Z
23422,KBPT,37.4,17.6,9.208,0,1/19/1977,18:00:00.000Z
23423,KJCT,48.2,15.8,10.359,,1/19/1977,18:00:00.000Z
23424,KCLL,41,19.4,14.963,0,1/19/1977,18:00:00.000Z
23425,KUTS,33.8,19.4,9.208,0,1/19/1977,18:00:00.000Z
23426,KPRX,35.6,19.4,6.906,45,1/19/1977,18:00:00.000Z
23427,KNFW,44.6,15.8,13.812,45,1/19/1977,18:00:00.000Z
23428,KABI,46.4,15.8,19.567,75,1/19/1977,18:00:00.000Z
23429,KCRP,50,33.8,11.51,20,1/19/1977,18:00:00.000Z
23430,KTPL,41,14,20.718,0,1/19/1977,18:00:00.000Z
23431,KMWL,44.6,15.8,17.265,45,1/19/1977,18:00:00.000Z
23432,KHLR,42.8,8.6,11.51,45,1/19/1977,18:00:00.000Z
23433,KSAT,42.8,14,12.661,20,1/19/1977,18:00:00.000Z
23434,KDYS,50,17.6,12.661,75,1/19/1977,18:00:00.000Z
23435,KINK,53.6,23,5.755,75,1/19/1977,18:00:00.000Z
23436,KGDP,42.8,21.2,21.869,,1/19/1977,18:00:00.000Z
23437,KLFK,39.2,17.6,6.906,0,1/19/1977,18:00:00.000Z
23438,KVCT,42.8,19.4,9.208,20,1/19/1977,18:00:00.000Z
23439,KCDS,48.2,21.2,23.02,75,1/19/1977,18:00:00.000Z
23440,KGLS,37.4,24.8,8.057,0,1/19/1977,18:00:00.000Z
23441,KCOT,46.4,24.8,6.906,0,1/19/1977,18:00:00.000Z
23442,KBSM,44.6,17.6,11.51,45,1/19/1977,18:00:00.000Z
23443,KHRL,,,,,1/19/1977,18:00:00.000Z
23444,KDHT,48.2,44.6,31.077,45,1/19/1977,18:00:00.000Z
23445,KLRD,50,19.4,9.208,45,1/19/1977,18:00:00.000Z
23446,KRND,41,15.8,10.359,45,1/19/1977,18:00:00.000Z
23447,KIAH,39.2,15.8,6.906,0,1/19/1977,18:00:00.000Z
23448,KSPS,44.6,19.4,16.114,0,1/19/1977,18:00:00.000Z
23449,KBRO,55.4,37.4,8.057,20,1/19/1977,18:00:00.000Z
23450,KEDC,21.2,-0.4,6.906,0,1/19/1977,18:00:00.000Z
23451,KBWD,,,,,1/19/1977,18:00:00.000Z
23452,KIAH,42.8,17.6,9.208,0,1/19/1977,19:00:00.000Z
23453,KLFK,44.6,17.6,9.208,0,1/19/1977,19:00:00.000Z
23454,KBPT,39.2,17.6,11.51,0,1/19/1977,19:00:00.000Z
23455,KGRK,46.4,12.2,17.265,45,1/19/1977,19:00:00.000Z
23456,KMAF,62.6,24.8,11.51,100,1/19/1977,19:00:00.000Z
23457,KNBE,44.6,15.8,13.812,45,1/19/1977,19:00:00.000Z
23458,KBWD,,,,,1/19/1977,19:00:00.000Z
23459,KCLL,44.6,19.4,17.265,45,1/19/1977,19:00:00.000Z
23460,KABI,51.8,17.6,16.114,100,1/19/1977,19:00:00.000Z
23461,KINK,62.6,15.8,10.359,75,1/19/1977,19:00:00.000Z
23462,KSAT,44.6,14,12.661,75,1/19/1977,19:00:00.000Z
23463,KPRX,,,,,1/19/1977,19:00:00.000Z
23464,KUTS,37.4,17.6,5.755,0,1/19/1977,19:00:00.000Z
23465,KDYS,53.6,21.2,12.661,75,1/19/1977,19:00:00.000Z
23466,KHOU,42.8,19.4,13.812,0,1/19/1977,19:00:00.000Z
23467,KEFD,39.2,19.4,6.906,45,1/19/1977,19:00:00.000Z
23468,KMWL,50,17.6,13.812,45,1/19/1977,19:00:00.000Z
23469,KMRF,62.6,15.8,12.661,,1/19/1977,19:00:00.000Z
23470,KNQI,51.8,28.4,3.453,45,1/19/1977,19:00:00.000Z
23471,KLBB,60.8,30.2,28.775,100,1/19/1977,19:00:00.000Z
23472,KDFW,41,21.2,18.416,45,1/19/1977,19:00:00.000Z
23473,KBRO,57.2,35.6,10.359,20,1/19/1977,19:00:00.000Z
23474,KCDS,53.6,30.2,25.322,75,1/19/1977,19:00:00.000Z
23475,KGLS,39.2,26.6,6.906,,1/19/1977,19:00:00.000Z
23476,KSJT,55.4,26.6,19.567,100,1/19/1977,19:00:00.000Z
23477,KCOT,50,19.4,5.755,45,1/19/1977,19:00:00.000Z
23478,KMFE,53.6,28.4,10.359,75,1/19/1977,19:00:00.000Z
23479,KLRD,51.8,23,13.812,45,1/19/1977,19:00:00.000Z
23480,KRND,44.6,15.8,10.359,75,1/19/1977,19:00:00.000Z
23481,KPSX,44.6,30.2,11.51,0,1/19/1977,19:00:00.000Z
23482,KVCT,44.6,21.2,11.51,45,1/19/1977,19:00:00.000Z
23483,KNGP,51.8,33.8,9.208,45,1/19/1977,19:00:00.000Z
23484,KCRP,53.6,33.8,11.51,45,1/19/1977,19:00:00.000Z
23485,KGDP,23.02,230,,,1/19/1977,19:00:00.000Z
23486,KTYR,42.8,15.8,13.812,0,1/19/1977,19:00:00.000Z
23487,KTPL,44.6,17.6,20.718,0,1/19/1977,19:00:00.000Z
23488,KALI,,,,,1/19/1977,19:00:00.000Z
23489,KELP,53.6,24.8,3.453,100,1/19/1977,19:00:00.000Z
23490,KHLR,46.4,10.4,14.963,75,1/19/1977,19:00:00.000Z
23491,KFTW,46.4,15.8,12.661,45,1/19/1977,19:00:00.000Z
23492,KSKF,44.6,14,9.208,75,1/19/1977,19:00:00.000Z
23493,KEDC,24.8,3.2,3.453,0,1/19/1977,19:00:00.000Z
23494,KDHT,48.2,30.2,32.228,100,1/19/1977,19:00:00.000Z
23495,KJCT,51.8,17.6,16.114,,1/19/1977,19:00:00.000Z
23496,KDRT,48.2,19.4,12.661,100,1/19/1977,19:00:00.000Z
23497,KDAL,44.6,14,20.718,0,1/19/1977,19:00:00.000Z
23498,KACT,44.6,17.6,17.265,20,1/19/1977,19:00:00.000Z
23499,KSPS,46.4,19.4,10.359,45,1/19/1977,19:00:00.000Z
23500,KDLF,48.2,19.4,14.963,75,1/19/1977,19:00:00.000Z
23501,KHRL,,,,,1/19/1977,19:00:00.000Z
23502,KNFW,48.2,15.8,11.51,45,1/19/1977,19:00:00.000Z
23503,KBSM,46.4,17.6,11.51,75,1/19/1977,19:00:00.000Z
23504,KMWL,53.6,15.8,17.265,75,1/19/1977,20:00:00.000Z
23505,KBRO,59,37.4,11.51,20,1/19/1977,20:00:00.000Z
23506,KINK,66.2,14,8.057,45,1/19/1977,20:00:00.000Z
23507,KHRL,,,,,1/19/1977,20:00:00.000Z
23508,KHOU,44.6,19.4,13.812,20,1/19/1977,20:00:00.000Z
23509,KSAT,46.4,15.8,16.114,75,1/19/1977,20:00:00.000Z
23510,KDYS,57.2,23,16.114,75,1/19/1977,20:00:00.000Z
23511,KEDC,24.8,3.2,6.906,0,1/19/1977,20:00:00.000Z
23512,KDLF,50,19.4,12.661,45,1/19/1977,20:00:00.000Z
23513,KTPL,25.322,190,45,,1/19/1977,20:00:00.000Z
23514,KSJT,57.2,28.4,20.718,100,1/19/1977,20:00:00.000Z
23515,KGLS,41,26.6,11.51,,1/19/1977,20:00:00.000Z
23516,KPSX,44.6,33.8,9.208,45,1/19/1977,20:00:00.000Z
23517,KTYR,46.4,15.8,13.812,45,1/19/1977,20:00:00.000Z
23518,KGDP,21.869,230,,,1/19/1977,20:00:00.000Z
23519,KELP,55.4,24.8,6.906,100,1/19/1977,20:00:00.000Z
23520,KMRF,62.6,15.8,13.812,,1/19/1977,20:00:00.000Z
23521,KBSM,50,19.4,13.812,100,1/19/1977,20:00:00.000Z
23522,KVCT,48.2,24.8,9.208,45,1/19/1977,20:00:00.000Z
23523,KNGP,53.6,35.6,11.51,45,1/19/1977,20:00:00.000Z
23524,KNQI,53.6,30.2,3.453,45,1/19/1977,20:00:00.000Z
23525,KSKF,46.4,14,10.359,75,1/19/1977,20:00:00.000Z
23526,KCDS,51.8,37.4,26.473,100,1/19/1977,20:00:00.000Z
23527,KCOT,51.8,23,6.906,75,1/19/1977,20:00:00.000Z
23528,KEFD,42.8,21.2,9.208,45,1/19/1977,20:00:00.000Z
23529,KACT,48.2,19.4,17.265,75,1/19/1977,20:00:00.000Z
23530,KCRP,53.6,37.4,12.661,45,1/19/1977,20:00:00.000Z
23531,KDRT,50,19.4,13.812,75,1/19/1977,20:00:00.000Z
23532,KALI,53.6,30.2,8.057,45,1/19/1977,20:00:00.000Z
23533,KNFW,51.8,15.8,13.812,75,1/19/1977,20:00:00.000Z
23534,KLFK,46.4,17.6,10.359,0,1/19/1977,20:00:00.000Z
23535,KLRD,,,,,1/19/1977,20:00:00.000Z
23536,KMFE,57.2,30.2,8.057,75,1/19/1977,20:00:00.000Z
23537,KRND,46.4,17.6,10.359,75,1/19/1977,20:00:00.000Z
23538,KNBE,46.4,17.6,13.812,75,1/19/1977,20:00:00.000Z
23539,KPRX,,,,,1/19/1977,20:00:00.000Z
23540,KDAL,46.4,12.2,13.812,20,1/19/1977,20:00:00.000Z
23541,KJCT,55.4,19.4,13.812,,1/19/1977,20:00:00.000Z
23542,KGRK,48.2,15.8,20.718,75,1/19/1977,20:00:00.000Z
23543,KSPS,50,21.2,13.812,75,1/19/1977,20:00:00.000Z
23544,KBPT,41,19.4,9.208,0,1/19/1977,20:00:00.000Z
23545,KMAF,64.4,24.8,16.114,75,1/19/1977,20:00:00.000Z
23546,KUTS,41,19.4,13.812,0,1/19/1977,20:00:00.000Z
23547,KIAH,46.4,17.6,14.963,0,1/19/1977,20:00:00.000Z
23548,KLBB,60.8,28.4,28.775,100,1/19/1977,20:00:00.000Z
23549,KBWD,,,,,1/19/1977,20:00:00.000Z
23550,KDFW,42.8,24.8,14.963,75,1/19/1977,20:00:00.000Z
23551,KDHT,48.2,26.6,29.926,100,1/19/1977,20:00:00.000Z
23552,KFTW,51.8,15.8,16.114,75,1/19/1977,20:00:00.000Z
23553,KABI,57.2,17.6,11.51,100,1/19/1977,20:00:00.000Z
23554,KCLL,46.4,19.4,11.51,45,1/19/1977,20:00:00.000Z
23555,KHLR,48.2,12.2,12.661,100,1/19/1977,20:00:00.000Z
23556,KEDC,24.8,3.2,3.453,0,1/19/1977,21:00:00.000Z
23557,KBWD,,,,,1/19/1977,21:00:00.000Z
23558,KVCT,48.2,28.4,10.359,20,1/19/1977,21:00:00.000Z
23559,KNBE,46.4,21.2,9.208,75,1/19/1977,21:00:00.000Z
23560,KGLS,42.8,30.2,11.51,,1/19/1977,21:00:00.000Z
23561,KGDP,39.2,21.2,11.51,,1/19/1977,21:00:00.000Z
23562,KDRT,53.6,23,14.963,75,1/19/1977,21:00:00.000Z
23563,KRND,50,17.6,6.906,75,1/19/1977,21:00:00.000Z
23564,KBRO,60.8,37.4,11.51,75,1/19/1977,21:00:00.000Z
23565,KEFD,42.8,24.8,6.906,45,1/19/1977,21:00:00.000Z
23566,KLRD,55.4,28.4,13.812,75,1/19/1977,21:00:00.000Z
23567,KCDS,57.2,30.2,20.718,100,1/19/1977,21:00:00.000Z
23568,KDHT,48.2,24.8,17.265,100,1/19/1977,21:00:00.000Z
23569,KLBB,59,28.4,23.02,100,1/19/1977,21:00:00.000Z
23570,KINK,69.8,19.4,12.661,45,1/19/1977,21:00:00.000Z
23571,KSPS,48.2,23,10.359,100,1/19/1977,21:00:00.000Z
23572,KHLR,51.8,12.2,24.171,75,1/19/1977,21:00:00.000Z
23573,KFTW,53.6,15.8,9.208,75,1/19/1977,21:00:00.000Z
23574,KABI,57.2,21.2,17.265,100,1/19/1977,21:00:00.000Z
23575,KDFW,44.6,21.2,8.057,75,1/19/1977,21:00:00.000Z
23576,KDYS,57.2,24.8,17.265,75,1/19/1977,21:00:00.000Z
23577,KIAH,46.4,17.6,9.208,20,1/19/1977,21:00:00.000Z
23578,KMWL,55.4,19.4,9.208,100,1/19/1977,21:00:00.000Z
23579,KSAT,48.2,15.8,13.812,75,1/19/1977,21:00:00.000Z
23580,KMFE,57.2,32,14.963,75,1/19/1977,21:00:00.000Z
23581,KALI,57.2,35.6,9.208,45,1/19/1977,21:00:00.000Z
23582,KNFW,53.6,17.6,4.604,75,1/19/1977,21:00:00.000Z
23583,KCLL,48.2,19.4,16.114,45,1/19/1977,21:00:00.000Z
23584,KLFK,48.2,17.6,10.359,20,1/19/1977,21:00:00.000Z
23585,KBSM,51.8,19.4,13.812,100,1/19/1977,21:00:00.000Z
23586,KMRF,66.2,15.8,14.963,,1/19/1977,21:00:00.000Z
23587,KCOT,55.4,26.6,9.208,45,1/19/1977,21:00:00.000Z
23588,KPRX,,,,,1/19/1977,21:00:00.000Z
23589,KELP,59,23,4.604,100,1/19/1977,21:00:00.000Z
23590,KTYR,48.2,15.8,45,,1/19/1977,21:00:00.000Z
23591,KDLF,51.8,21.2,8.057,45,1/19/1977,21:00:00.000Z
23592,KHOU,46.4,21.2,9.208,20,1/19/1977,21:00:00.000Z
23593,KHRL,,,,,1/19/1977,21:00:00.000Z
23594,KACT,50,19.4,19.567,75,1/19/1977,21:00:00.000Z
23595,KJCT,57.2,21.2,11.51,,1/19/1977,21:00:00.000Z
23596,KNGP,53.6,35.6,10.359,20,1/19/1977,21:00:00.000Z
23597,KUTS,44.6,19.4,11.51,0,1/19/1977,21:00:00.000Z
23598,KSKF,48.2,15.8,8.057,75,1/19/1977,21:00:00.000Z
23599,KCRP,55.4,37.4,12.661,20,1/19/1977,21:00:00.000Z
23600,KNQI,55.4,30.2,3.453,45,1/19/1977,21:00:00.000Z
23601,KMAF,66.2,24.8,21.869,45,1/19/1977,21:00:00.000Z
23602,KBPT,42.8,21.2,11.51,20,1/19/1977,21:00:00.000Z
23603,KPSX,46.4,33.8,11.51,45,1/19/1977,21:00:00.000Z
23604,KSJT,60.8,30.2,13.812,100,1/19/1977,21:00:00.000Z
23605,KDAL,48.2,14,16.114,45,1/19/1977,21:00:00.000Z
23606,KGRK,50,17.6,13.812,75,1/19/1977,21:00:00.000Z
23607,KTPL,50,17.6,20.718,75,1/19/1977,21:00:00.000Z
23608,KNFW,55.4,19.4,2.302,100,1/19/1977,22:00:00.000Z
23609,KPRX,,,,,1/19/1977,22:00:00.000Z
23610,KUTS,46.4,19.4,9.208,45,1/19/1977,22:00:00.000Z
23611,KDRT,55.4,24.8,10.359,45,1/19/1977,22:00:00.000Z
23612,KEFD,42.8,28.4,9.208,45,1/19/1977,22:00:00.000Z
23613,KTPL,50,19.4,17.265,100,1/19/1977,22:00:00.000Z
23614,KCRP,55.4,37.4,13.812,45,1/19/1977,22:00:00.000Z
23615,KHOU,44.6,24.8,13.812,20,1/19/1977,22:00:00.000Z
23616,KMRF,68,15.8,11.51,,1/19/1977,22:00:00.000Z
23617,KACT,51.8,19.4,11.51,100,1/19/1977,22:00:00.000Z
23618,KCLL,48.2,19.4,19.567,45,1/19/1977,22:00:00.000Z
23619,KSAT,50,15.8,13.812,75,1/19/1977,22:00:00.000Z
23620,KDYS,57.2,24.8,18.416,75,1/19/1977,22:00:00.000Z
23621,KMWL,55.4,21.2,10.359,100,1/19/1977,22:00:00.000Z
23622,KINK,66.2,21.2,17.265,45,1/19/1977,22:00:00.000Z
23623,KABI,55.4,23,21.869,100,1/19/1977,22:00:00.000Z
23624,KHLR,50,14,11.51,75,1/19/1977,22:00:00.000Z
23625,KLBB,57.2,28.4,21.869,100,1/19/1977,22:00:00.000Z
23626,KNGP,53.6,37.4,9.208,45,1/19/1977,22:00:00.000Z
23627,KDFW,46.4,23,4.604,100,1/19/1977,22:00:00.000Z
23628,KNQI,55.4,30.2,6.906,75,1/19/1977,22:00:00.000Z
23629,KELP,60.8,21.2,5.755,100,1/19/1977,22:00:00.000Z
23630,KDLF,53.6,21.2,9.208,45,1/19/1977,22:00:00.000Z
23631,KTYR,48.2,14,11.51,45,1/19/1977,22:00:00.000Z
23632,KCOT,55.4,33.8,8.057,45,1/19/1977,22:00:00.000Z
23633,KBSM,50,21.2,9.208,75,1/19/1977,22:00:00.000Z
23634,KSKF,48.2,17.6,6.906,45,1/19/1977,22:00:00.000Z
23635,KSJT,,,,,1/19/1977,22:00:00.000Z
23636,KPSX,46.4,30.2,5.755,45,1/19/1977,22:00:00.000Z
23637,KSPS,48.2,24.8,10.359,100,1/19/1977,22:00:00.000Z
23638,KLFK,48.2,17.6,10.359,45,1/19/1977,22:00:00.000Z
23639,KJCT,57.2,23,4.604,,1/19/1977,22:00:00.000Z
23640,KMAF,64.4,26.6,19.567,20,1/19/1977,22:00:00.000Z
23641,KBPT,42.8,24.8,11.51,45,1/19/1977,22:00:00.000Z
23642,KIAH,46.4,17.6,11.51,20,1/19/1977,22:00:00.000Z
23643,KGRK,50,17.6,11.51,75,1/19/1977,22:00:00.000Z
23644,KDAL,48.2,14,13.812,45,1/19/1977,22:00:00.000Z
23645,KFTW,55.4,17.6,9.208,100,1/19/1977,22:00:00.000Z
23646,KALI,57.2,35.6,6.906,45,1/19/1977,22:00:00.000Z
23647,KMFE,57.2,33.8,14.963,75,1/19/1977,22:00:00.000Z
23648,KEDC,21.2,1.4,1.151,45,1/19/1977,22:00:00.000Z
23649,KVCT,50,30.2,13.812,45,1/19/1977,22:00:00.000Z
23650,KBWD,,,,,1/19/1977,22:00:00.000Z
23651,KCDS,55.4,28.4,19.567,100,1/19/1977,22:00:00.000Z
23652,KGDP,53.6,17.6,21.869,,1/19/1977,22:00:00.000Z
23653,KGLS,44.6,33.8,8.057,,1/19/1977,22:00:00.000Z
23654,KBRO,59,37.4,13.812,20,1/19/1977,22:00:00.000Z
23655,KDHT,48.2,21.2,16.114,100,1/19/1977,22:00:00.000Z
23656,KNBE,48.2,19.4,5.755,100,1/19/1977,22:00:00.000Z
23657,KRND,50,19.4,9.208,75,1/19/1977,22:00:00.000Z
23658,KLRD,57.2,28.4,11.51,75,1/19/1977,22:00:00.000Z
23659,KHRL,,,,,1/19/1977,22:00:00.000Z
23660,KLFK,46.4,17.6,9.208,75,1/19/1977,23:00:00.000Z
23661,KDRT,55.4,23,6.906,45,1/19/1977,23:00:00.000Z
23662,KHRL,,,,,1/19/1977,23:00:00.000Z
23663,KDLF,53.6,24.8,6.906,75,1/19/1977,23:00:00.000Z
23664,KIAH,46.4,19.4,8.057,75,1/19/1977,23:00:00.000Z
23665,KMAF,60.8,28.4,25.322,20,1/19/1977,23:00:00.000Z
23666,KPRX,,,,,1/19/1977,23:00:00.000Z
23667,KELP,60.8,21.2,4.604,75,1/19/1977,23:00:00.000Z
23668,KBSM,51.8,21.2,5.755,75,1/19/1977,23:00:00.000Z
23669,KBRO,57.2,37.4,8.057,20,1/19/1977,23:00:00.000Z
23670,KNQI,51.8,35.6,11.51,75,1/19/1977,23:00:00.000Z
23671,KSAT,50,17.6,11.51,45,1/19/1977,23:00:00.000Z
23672,KGDP,51.8,21.2,35.681,,1/19/1977,23:00:00.000Z
23673,KDYS,51.8,28.4,16.114,75,1/19/1977,23:00:00.000Z
23674,KHLR,50,15.8,2.302,75,1/19/1977,23:00:00.000Z
23675,KDHT,46.4,17.6,13.812,100,1/19/1977,23:00:00.000Z
23676,KPSX,46.4,35.6,5.755,45,1/19/1977,23:00:00.000Z
23677,KSKF,48.2,17.6,6.906,45,1/19/1977,23:00:00.000Z
23678,KBWD,,,,,1/19/1977,23:00:00.000Z
23679,KCLL,46.4,19.4,11.51,75,1/19/1977,23:00:00.000Z
23680,KVCT,48.2,33.8,12.661,45,1/19/1977,23:00:00.000Z
23681,KCDS,51.8,26.6,20.718,100,1/19/1977,23:00:00.000Z
23682,KGLS,44.6,33.8,9.208,,1/19/1977,23:00:00.000Z
23683,KNGP,53.6,37.4,8.057,45,1/19/1977,23:00:00.000Z
23684,KFTW,53.6,17.6,5.755,100,1/19/1977,23:00:00.000Z
23685,KNBE,46.4,21.2,5.755,100,1/19/1977,23:00:00.000Z
23686,KTYR,46.4,15.8,11.51,45,1/19/1977,23:00:00.000Z
23687,KMFE,57.2,33.8,16.114,45,1/19/1977,23:00:00.000Z
23688,KLBB,55.4,26.6,20.718,100,1/19/1977,23:00:00.000Z
23689,KSPS,44.6,26.6,3.453,100,1/19/1977,23:00:00.000Z
23690,KCOT,55.4,28.4,9.208,75,1/19/1977,23:00:00.000Z
23691,KALI,55.4,35.6,10.359,45,1/19/1977,23:00:00.000Z
23692,KSJT,64.4,30.2,8.057,45,1/19/1977,23:00:00.000Z
23693,KGRK,51.8,19.4,9.208,75,1/19/1977,23:00:00.000Z
23694,KBPT,39.2,26.6,10.359,45,1/19/1977,23:00:00.000Z
23695,KDAL,48.2,15.8,10.359,75,1/19/1977,23:00:00.000Z
23696,KJCT,57.2,24.8,6.906,,1/19/1977,23:00:00.000Z
23697,KDFW,44.6,23,6.906,100,1/19/1977,23:00:00.000Z
23698,KLRD,57.2,30.2,8.057,75,1/19/1977,23:00:00.000Z
23699,KEFD,42.8,28.4,6.906,75,1/19/1977,23:00:00.000Z
23700,KRND,48.2,19.4,11.51,45,1/19/1977,23:00:00.000Z
23701,KHOU,44.6,23,12.661,20,1/19/1977,23:00:00.000Z
23702,KACT,50,19.4,10.359,100,1/19/1977,23:00:00.000Z
23703,KINK,62.6,28.4,16.114,45,1/19/1977,23:00:00.000Z
23704,KMWL,55.4,23,9.208,100,1/19/1977,23:00:00.000Z
23705,KCRP,53.6,37.4,13.812,45,1/19/1977,23:00:00.000Z
23706,KABI,51.8,24.8,16.114,100,1/19/1977,23:00:00.000Z
23707,KTPL,48.2,21.2,8.057,75,1/19/1977,23:00:00.000Z
23708,KMRF,64.4,14,19.567,,1/19/1977,23:00:00.000Z
23709,KEDC,21.2,1.4,4.604,45,1/19/1977,23:00:00.000Z
23710,KNFW,53.6,21.2,3.453,100,1/19/1977,23:00:00.000Z
23711,KUTS,42.8,19.4,9.208,45,1/19/1977,23:00:00.000Z
